{
"type": "FeatureCollection",
"name": "campus_roads_poly",
"crs": { "type": "name", "properties": { "name": "urn:ogc:def:crs:OGC:1.3:CRS84" } },
"features": [
{ "type": "Feature", "properties": { "highway": "service" }, "geometry": { "type": "Polygon", "coordinates": [ [ [ 76.465335217091393, 30.966418483241569 ], [ 76.465333527754083, 30.966419484646654 ], [ 76.465331960457348, 30.966420623916402 ], [ 76.465330530295162, 30.966421890079026 ], [ 76.465329251040728, 30.966423270940687 ], [ 76.465328135013991, 30.966424753202933 ], [ 76.465327192962889, 30.966426322590785 ], [ 76.465326433959902, 30.966427963990171 ], [ 76.465325865314639, 30.966429661593551 ], [ 76.465325492503482, 30.966431399052045 ], [ 76.465325319116815, 30.966433159632992 ], [ 76.465325346824471, 30.966434926381037 ], [ 76.465325575359586, 30.966436682281437 ], [ 76.46532600252128, 30.966438410423923 ], [ 76.465326624195754, 30.966440094165488 ], [ 76.465327434395974, 30.966441717290834 ], [ 76.465328425319257, 30.966443264168348 ], [ 76.46532958742246, 30.96644471990076 ], [ 76.465330909513938, 30.966446070468553 ], [ 76.465332378861206, 30.966447302865042 ], [ 76.465333981313648, 30.966448405221517 ], [ 76.465335701438775, 30.966449366921751 ], [ 76.46533752267085, 30.96645017870399 ], [ 76.465339427470383, 30.966450832750336 ], [ 76.465341397493134, 30.966451322761959 ], [ 76.465343413766675, 30.966451644019774 ], [ 76.46534545687318, 30.966451793429911 ], [ 76.465550032005197, 30.966458067071038 ], [ 76.465525188486382, 30.968044411212645 ], [ 76.465095515328031, 30.968040596142551 ], [ 76.46509341170777, 30.968040668862212 ], [ 76.465091327258321, 30.968040923626965 ], [ 76.46508928314195, 30.968041357850328 ], [ 76.465087300111435, 30.968041967123867 ], [ 76.465085398299436, 30.968042745261958 ], [ 76.465083597013987, 30.968043684364581 ], [ 76.465081914542566, 30.968044774897553 ], [ 76.46508036796638, 30.968046005789279 ], [ 76.465078972986987, 30.968047364543196 ], [ 76.465077743766855, 30.968048837364602 ], [ 76.465076692785587, 30.968050409300773 ], [ 76.465075830713246, 30.968052064392658 ], [ 76.465075166301972, 30.968053785837036 ], [ 76.465074706297202, 30.968055556157022 ], [ 76.465074455369106, 30.968057357379511 ], [ 76.465074416065249, 30.968059171217661 ], [ 76.46507458878466, 30.968060979256563 ], [ 76.465232688326282, 30.969082877747972 ], [ 76.465256199684973, 30.969235041364804 ], [ 76.465166756136981, 30.969234096540241 ], [ 76.465164707017607, 30.96923416159834 ], [ 76.465162675165629, 30.969234399413022 ], [ 76.465160680148884, 30.969234807693994 ], [ 76.465158741180474, 30.969235382509293 ], [ 76.46515687693369, 30.969236118323156 ], [ 76.465155105362257, 30.969237008049252 ], [ 76.465153443527356, 30.96923804311907 ], [ 76.465151907433381, 30.969239213564318 ], [ 76.46515051187373, 30.969240508112978 ], [ 76.465149270288435, 30.969241914297818 ], [ 76.465148194634622, 30.969243418576553 ], [ 76.465147295271422, 30.969245006462135 ], [ 76.465146580860221, 30.969246662662364 ], [ 76.465146058281192, 30.969248371227135 ], [ 76.465145732567052, 30.969250115702046 ], [ 76.46514560685462, 30.969251879286851 ], [ 76.465145682354603, 30.969253644997238 ], [ 76.465145958339875, 30.969255395828498 ], [ 76.465146432152594, 30.969257114919131 ], [ 76.465147099229696, 30.969258785713365 ], [ 76.465147953146811, 30.969260392120542 ], [ 76.465148985680344, 30.969261918670064 ], [ 76.46515018688639, 30.969263350660441 ], [ 76.465151545196676, 30.96926467430082 ], [ 76.465153047529967, 30.969265876843796 ], [ 76.465154679417935, 30.969266946708228 ], [ 76.465156425144656, 30.969267873590731 ], [ 76.465158267897763, 30.969268648564913 ], [ 76.465160189930572, 30.969269264167359 ], [ 76.465162172732846, 30.969269714469466 ], [ 76.465164197209091, 30.969269995134567 ], [ 76.46516624386247, 30.969270103459706 ], [ 76.465279843011743, 30.96927130345281 ], [ 76.46563713904996, 30.969275103417232 ], [ 76.465793336127476, 30.969276803388272 ], [ 76.465793737026843, 30.969276804436902 ], [ 76.466831905117004, 30.969270933477624 ], [ 76.467010741483875, 30.96935021045649 ], [ 76.467010943488674, 30.969350298813634 ], [ 76.467314043521156, 30.969481098839193 ], [ 76.467316014932479, 30.9694818427662 ], [ 76.467318064691909, 30.969482408008545 ], [ 76.467320171053558, 30.969482788569593 ], [ 76.467425425027741, 30.9694969745455 ], [ 76.467548992667005, 30.969522701251087 ], [ 76.467550939002621, 30.969523023155809 ], [ 76.467552911976625, 30.969523184715932 ], [ 76.467861812034045, 30.969535784723945 ], [ 76.467863086116353, 30.969535803173546 ], [ 76.468303363091422, 30.969530606994574 ], [ 76.468437737816402, 30.969532602167241 ], [ 76.468577535769029, 30.969534702139043 ], [ 76.468915835747453, 30.969539793616509 ], [ 76.468916105130432, 30.969695426853818 ], [ 76.468916105340938, 30.96969543043701 ], [ 76.468916105144487, 30.969695434020888 ], [ 76.468917305024675, 30.970242734009407 ], [ 76.468917410653546, 30.970244508433261 ], [ 76.468917718731745, 30.970246265246367 ], [ 76.468918226259163, 30.970247987340656 ], [ 76.468918928293462, 30.970249657946177 ], [ 76.468919817998128, 30.970251260794321 ], [ 76.468920886709142, 30.970252780276383 ], [ 76.46892212401923, 30.97025420159542 ], [ 76.468923517879347, 30.970255510910455 ], [ 76.468925054715882, 30.970256695471182 ], [ 76.468926719562944, 30.970257743742231 ], [ 76.468928496208036, 30.970258645515376 ], [ 76.468930367349927, 30.970259392009027 ], [ 76.468932314767216, 30.970259975953734 ], [ 76.468934319495702, 30.970260391662976 ], [ 76.468936362013054, 30.970260635088508 ], [ 76.468938422428977, 30.970260703859811 ], [ 76.469221822482538, 30.970258103864534 ], [ 76.469221823205473, 30.970258103827277 ], [ 76.469221823929317, 30.970258103851222 ], [ 76.469676524015242, 30.970253903858758 ], [ 76.469678612435558, 30.970253794294909 ], [ 76.469680677669857, 30.970253505310843 ], [ 76.46968269901069, 30.970253039804124 ], [ 76.469684656190736, 30.970252402442249 ], [ 76.469686529585971, 30.970251599615811 ], [ 76.4696883004125, 30.970250639374505 ], [ 76.469689950914827, 30.970249531346347 ], [ 76.469691464543885, 30.970248286641169 ], [ 76.469692826123023, 30.970246917739246 ], [ 76.469694022000141, 30.970245438366078 ], [ 76.469695040184575, 30.970243863354884 ], [ 76.469695870467348, 30.970242208497766 ], [ 76.469696504523483, 30.970240490387425 ], [ 76.469696935995515, 30.97023872625082 ], [ 76.469697160557217, 30.970236933776345 ], [ 76.469743183950925, 30.969547360686295 ], [ 76.472283590194095, 30.969630328440211 ], [ 76.47226830595838, 30.970869808685322 ], [ 76.472268378513149, 30.970871511246479 ], [ 76.472268637499297, 30.970873200276259 ], [ 76.47226908059794, 30.970874860651413 ], [ 76.472284080588381, 30.970920960652858 ], [ 76.472284747600654, 30.970922674482054 ], [ 76.472285610683173, 30.97092432204386 ], [ 76.47228666113655, 30.970925886731681 ], [ 76.472287888372733, 30.97092735277424 ], [ 76.47228928002184, 30.970928705394606 ], [ 76.472290822056763, 30.970929930959052 ], [ 76.47229249893455, 30.970931017114495 ], [ 76.472294293753137, 30.970931952913041 ], [ 76.472395593763039, 30.970978952921918 ], [ 76.472397372412829, 30.970979687073918 ], [ 76.472399223466411, 30.970980273461709 ], [ 76.47240113043388, 30.9709807068615 ], [ 76.472403076327183, 30.970980983412389 ], [ 76.472405043811534, 30.970981100650778 ], [ 76.472915602932773, 30.970990706664299 ], [ 76.472911785393251, 30.971126311256903 ], [ 76.472901461773503, 30.971125726901171 ], [ 76.47287734764474, 30.971123651799189 ], [ 76.472877347643859, 30.9711158999995 ], [ 76.472877347637692, 30.971059599999279 ], [ 76.472877304783751, 30.971058785450928 ], [ 76.472877176573732, 30.971057977584785 ], [ 76.472876964059381, 30.971057183028201 ], [ 76.4728766689841, 30.971056408299347 ], [ 76.472876293768564, 30.971055659753741 ], [ 76.472875841490833, 30.971054943532113 ], [ 76.472865741489798, 30.971040543532723 ], [ 76.472865179022392, 30.971039822626622 ], [ 76.472864538537962, 30.971039151789217 ], [ 76.472863826000079, 30.971038537266654 ], [ 76.472863048043166, 30.971037984780775 ], [ 76.47286221191078, 30.971037499475738 ], [ 76.472861325388152, 30.971037085870211 ], [ 76.472815925390691, 30.971018285872102 ], [ 76.47281506466021, 30.971017969509568 ], [ 76.472814174530853, 30.971017720778658 ], [ 76.472813262143475, 30.971017541674769 ], [ 76.472812334817505, 30.971017433634703 ], [ 76.472811399992167, 30.971017397525191 ], [ 76.472646400007719, 30.971017397526712 ], [ 76.472533819800461, 30.971017397527838 ], [ 76.472375363616791, 30.971011649900973 ], [ 76.472330823759137, 30.971000798029426 ], [ 76.472290952632619, 30.970978868910841 ], [ 76.472258772370523, 30.970952704545443 ], [ 76.472223298969936, 30.970908410737458 ], [ 76.47220908206009, 30.970869220714803 ], [ 76.472217445144267, 30.970535094114418 ], [ 76.472217445668363, 30.970535071904312 ], [ 76.472224245286014, 30.970228287644765 ], [ 76.4722326448383, 30.969908003383793 ], [ 76.472232647176611, 30.969907871358956 ], [ 76.47223434715643, 30.969723071356839 ], [ 76.472234304981072, 30.969722188775552 ], [ 76.472234162629888, 30.969721314004463 ], [ 76.472233921473347, 30.969720455465623 ], [ 76.472233583833258, 30.969719621424755 ], [ 76.472233152960314, 30.96971881991173 ], [ 76.472232633002818, 30.96971805864327 ], [ 76.472209967793844, 30.969688316160692 ], [ 76.472222139574413, 30.96965189096731 ], [ 76.47222237457882, 30.969651031027688 ], [ 76.472222510633401, 30.969650155380375 ], [ 76.472222546427886, 30.969649272458348 ], [ 76.472222481617564, 30.969648390764622 ], [ 76.472222316826588, 30.969647518790392 ], [ 76.472222053641985, 30.969646664933244 ], [ 76.472221694598375, 30.969645837416287 ], [ 76.47222124315357, 30.969645044208949 ], [ 76.472220703655182, 30.969644292950274 ], [ 76.472220081298914, 30.969643590875275 ], [ 76.472219382078393, 30.969642944745331 ], [ 76.472218612727474, 30.969642360783006 ], [ 76.472217780655455, 30.969641844612191 ], [ 76.47221689387564, 30.969641401203901 ], [ 76.472215960928182, 30.969641034828371 ], [ 76.47221499079788, 30.969640749014015 ], [ 76.472213992827648, 30.969640546513372 ], [ 76.472212976628441, 30.969640429276645 ], [ 76.472211951986822, 30.969640398432873 ], [ 76.472210928770664, 30.969640454279116 ], [ 76.472209916834075, 30.969640596277518 ], [ 76.472208925922558, 30.969640823060576 ], [ 76.472207965579145, 30.969641132444245 ], [ 76.472207045052457, 30.969641521448995 ], [ 76.472206173207667, 30.969641986328487 ], [ 76.472205358441101, 30.969642522605671 ], [ 76.472204608599426, 30.969643125115923 ], [ 76.47220393090403, 30.969643788056739 ], [ 76.47220333188146, 30.969644505043643 ], [ 76.472202817300669, 30.969645269171632 ], [ 76.472202392117325, 30.96964607308178 ], [ 76.472202060426184, 30.969646909031955 ], [ 76.47218856042258, 30.969687309030526 ], [ 76.472188330114165, 30.969688147154102 ], [ 76.472188193810439, 30.969689000406905 ], [ 76.47218815275906, 30.969689860978701 ], [ 76.472188207335819, 30.969690720992361 ], [ 76.472188357041134, 30.969691572575783 ], [ 76.472188600504666, 30.969692407934041 ], [ 76.472188935497925, 30.969693219420762 ], [ 76.472189358954566, 30.969693999608054 ], [ 76.472189866998505, 30.969694741354513 ], [ 76.472213427726928, 30.969725658995117 ], [ 76.472211753430884, 30.969907662620411 ], [ 76.472203355127036, 30.970227896611298 ], [ 76.472203354365206, 30.970227928098669 ], [ 76.472196554577934, 30.970534716989537 ], [ 76.472188154819378, 30.970870305880503 ], [ 76.472188191553087, 30.970871278750348 ], [ 76.472188349970281, 30.970872242515949 ], [ 76.472188628218916, 30.970873185910094 ], [ 76.472203828214674, 30.970915085910871 ], [ 76.472204190689951, 30.970915933276451 ], [ 76.472204649867564, 30.970916745085272 ], [ 76.472205201126613, 30.970917513167759 ], [ 76.472242201123777, 30.970963713169994 ], [ 76.472242871694348, 30.970964462867894 ], [ 76.472243629909471, 30.970965147753926 ], [ 76.472277329909247, 30.970992547755806 ], [ 76.472278075936401, 30.970993099514725 ], [ 76.472278878850616, 30.97099358840531 ], [ 76.472320878852088, 30.971016688407314 ], [ 76.472321762943665, 30.971017123921332 ], [ 76.472322692042539, 30.971017483199184 ], [ 76.472323657321255, 30.97101776282733 ], [ 76.472370857324933, 30.971029262828747 ], [ 76.472372047707083, 30.97102948917551 ], [ 76.472373260583581, 30.971029594504778 ], [ 76.472533160598474, 30.971035394506771 ], [ 76.472533599994634, 30.971035402472253 ], [ 76.47264640000526, 30.971035402473284 ], [ 76.472809019874575, 30.971035402476286 ], [ 76.472849468726224, 30.971052152221887 ], [ 76.472856452362237, 30.971062109090514 ], [ 76.472856452356268, 30.971115899999283 ], [ 76.47285645235452, 30.971131799999487 ], [ 76.472856502569684, 30.971132681582315 ], [ 76.472856652732659, 30.971133554690709 ], [ 76.472856901399993, 30.971134410931736 ], [ 76.472857246181306, 30.971135242074546 ], [ 76.4728576837623, 30.971136040129576 ], [ 76.472858209936632, 30.971136797425327 ], [ 76.472858819646305, 30.97113750668213 ], [ 76.472859507030378, 30.971138161082063 ], [ 76.47286026548116, 30.971138754334543 ], [ 76.472861087707898, 30.971139280736786 ], [ 76.4728619658067, 30.97113973522865 ], [ 76.472862891336661, 30.971140113441166 ], [ 76.472863855400874, 30.971140411738723 ], [ 76.472864848732044, 30.971140627253853 ], [ 76.472865861781543, 30.971140757914849 ], [ 76.472899561784601, 30.971143657915412 ], [ 76.472899915164376, 30.971143683114189 ], [ 76.472911281620625, 30.971144326498614 ], [ 76.472907414620593, 30.971283721564557 ], [ 76.472873646240458, 30.971346420695401 ], [ 76.472873530973416, 30.971346665511629 ], [ 76.472873396435219, 30.971346902915357 ], [ 76.472873145720939, 30.971347483751192 ], [ 76.472872875345843, 30.971348058002146 ], [ 76.472872788482206, 30.971348311374786 ], [ 76.472872681597011, 30.971348558998319 ], [ 76.472872498161294, 30.971349158212249 ], [ 76.472872294410379, 30.971349752533587 ], [ 76.472872236786685, 30.971350012022622 ], [ 76.472872158583883, 30.9713502674811 ], [ 76.472872044193309, 30.971350879302449 ], [ 76.472871909028825, 30.971351487970455 ], [ 76.472871881200035, 30.9713517510767 ], [ 76.47287183243273, 30.971352011910081 ], [ 76.472871788188954, 30.971352630446628 ], [ 76.4728717229126, 30.971353247599566 ], [ 76.472871725146717, 30.971353511789378 ], [ 76.472871706284593, 30.971353775485497 ], [ 76.472871732613712, 30.971354394780253 ], [ 76.472871737854135, 30.971355014474707 ], [ 76.472871770129643, 30.971355277203653 ], [ 76.472871781354343, 30.971355541223105 ], [ 76.472871878002792, 30.971356155312144 ], [ 76.472871953709543, 30.97135677157992 ], [ 76.472872015715623, 30.971357030317826 ], [ 76.472872056919044, 30.971357292117915 ], [ 76.472872222956013, 30.971357895087063 ], [ 76.472872368400019, 30.971358501993322 ], [ 76.472872459539516, 30.971358754248389 ], [ 76.47287253032485, 30.97135901130784 ], [ 76.472872764151376, 30.971359597350325 ], [ 76.472872977931885, 30.971360189050092 ], [ 76.472873097327039, 30.971360432392871 ], [ 76.472873197012618, 30.971360682236156 ], [ 76.472873496376977, 30.971361245708326 ], [ 76.472873776435037, 30.971361816502935 ], [ 76.472873922935946, 30.971362048589857 ], [ 76.472874050561799, 30.971362288810894 ], [ 76.472874412580879, 30.971362824285954 ], [ 76.47287475621944, 30.971363368678592 ], [ 76.472874928415337, 30.971363587274723 ], [ 76.472875082752267, 30.971363815559869 ], [ 76.472875503939406, 30.971364317880617 ], [ 76.472875907849243, 30.971364830628762 ], [ 76.472876104081806, 30.971365033628903 ], [ 76.472876283643444, 30.971365247779634 ], [ 76.472876759942594, 30.97136571210871 ], [ 76.472877220233642, 30.97136618827405 ], [ 76.472877438612912, 30.971366373723061 ], [ 76.472877641670109, 30.971366571677144 ], [ 76.472878168494333, 30.971366993542837 ], [ 76.472878680733658, 30.971367428539612 ], [ 76.472878919156571, 30.971367594651579 ], [ 76.472879143753715, 30.971367774502518 ], [ 76.472879716029396, 30.971368149841989 ], [ 76.472880275283885, 30.971368539480981 ], [ 76.472880531454294, 30.971368684656163 ], [ 76.472880775428408, 30.9713688446719 ], [ 76.47288138764408, 30.971369169870322 ], [ 76.472881988527902, 30.971369510399189 ], [ 76.472882259978775, 30.971369633239487 ], [ 76.472882520980221, 30.971369771878962 ], [ 76.472883167239956, 30.971370043804516 ], [ 76.472883803966255, 30.97137033194376 ], [ 76.472884088083418, 30.971370431266173 ], [ 76.472884363598581, 30.971370547194198 ], [ 76.472885037678111, 30.971370763227952 ], [ 76.472885704115257, 30.971370996202776 ], [ 76.472885998162695, 30.971371071050811 ], [ 76.47288628553801, 30.971371163150874 ], [ 76.472886980945944, 30.971371321212466 ], [ 76.472887670675462, 30.971371496779032 ], [ 76.472887971820896, 30.971371546431747 ], [ 76.472888268289211, 30.97137161381702 ], [ 76.472888978328669, 30.971371712384265 ], [ 76.472889684707781, 30.971371828851712 ], [ 76.472889990051314, 30.971371852830984 ], [ 76.472890292757185, 30.971371894852428 ], [ 76.472891010589777, 30.971371932976023 ], [ 76.472891726815973, 30.971371989222778 ], [ 76.472892033416741, 30.971371987297658 ], [ 76.472892339445181, 30.97137200355062 ], [ 76.473367039534423, 30.971377103560272 ], [ 76.473367411338259, 30.971377091822372 ], [ 76.473367783266411, 30.97137710014308 ], [ 76.47336843536668, 30.971377059493651 ], [ 76.473369088732497, 30.971377038866798 ], [ 76.473369457410882, 30.971376995783334 ], [ 76.473369828494512, 30.971376972651402 ], [ 76.47337047283051, 30.971376877122196 ], [ 76.473371120704101, 30.971376801412202 ], [ 76.473371482706483, 30.971376727398066 ], [ 76.473371849371787, 30.971376673036296 ], [ 76.47337247973843, 30.971376523547313 ], [ 76.473373115880207, 30.971376393483293 ], [ 76.473373467720094, 30.971376289251324 ], [ 76.473373826436131, 30.971376204183215 ], [ 76.473374436762896, 30.971376002174033 ], [ 76.473375055046191, 30.971375819008649 ], [ 76.473375393335232, 30.971375685562652 ], [ 76.473375740647299, 30.971375570607464 ], [ 76.473376325055895, 30.971375318023714 ], [ 76.473376919526814, 30.971375083520805 ], [ 76.473377241007256, 30.971374922145852 ], [ 76.473377573570374, 30.971374778410734 ], [ 76.47337812643282, 30.971374477684904 ], [ 76.473378691366079, 30.971374194102875 ], [ 76.473378992941775, 30.971374006353145 ], [ 76.473379307553301, 30.971373835222309 ], [ 76.473379823545571, 30.971373489250354 ], [ 76.473380353500218, 30.971373159320457 ], [ 76.473380632266611, 30.971372947004248 ], [ 76.47338092589689, 30.971372750125635 ], [ 76.473381400049618, 30.971372362239435 ], [ 76.473381889921953, 30.971371989139087 ], [ 76.473382143194598, 30.971371754300964 ], [ 76.473382413015571, 30.971371533570746 ], [ 76.473382840762198, 30.97137110750602 ], [ 76.473383285834714, 30.971370694828234 ], [ 76.473383511174376, 30.971370439729913 ], [ 76.473383754587616, 30.971370197273767 ], [ 76.473384131808899, 30.971369737133525 ], [ 76.473384527795091, 30.971369288852848 ], [ 76.473384723031671, 30.971369015951012 ], [ 76.473384937692913, 30.97136875410397 ], [ 76.473385260755748, 30.971368264319914 ], [ 76.473385603842331, 30.97136778475323 ], [ 76.47338576709565, 30.97136749667601 ], [ 76.473385950937526, 30.97136721795988 ], [ 76.473386216730702, 30.97136670324883 ], [ 76.473386503613511, 30.971366197014692 ], [ 76.473386633311279, 30.971365896536533 ], [ 76.473386784563374, 30.971365603635398 ], [ 76.473386990527146, 30.971365068954377 ], [ 76.473387218443349, 30.971364540928036 ], [ 76.473387313336616, 30.971364230942452 ], [ 76.473387430542175, 30.971363926677348 ], [ 76.473387574693035, 30.971363377175631 ], [ 76.473387741447652, 30.971362832442267 ], [ 76.473387800622447, 30.971362515934839 ], [ 76.47338788265283, 30.971362203235763 ], [ 76.473387963602548, 30.971361644205288 ], [ 76.47338806758961, 30.971361088011058 ], [ 76.473388090476064, 30.971360768029808 ], [ 76.473388136541246, 30.971360449908349 ], [ 76.473388153510257, 30.971359886732884 ], [ 76.473388193728312, 30.971359324434221 ], [ 76.473388180106014, 30.971359004060869 ], [ 76.473388189762389, 30.971358683580583 ], [ 76.473388142587268, 30.971358121683718 ], [ 76.473388118648984, 30.971357558695978 ], [ 76.473388068649115, 30.971357241015777 ], [ 76.473388041803673, 30.971356921263197 ], [ 76.47338793093877, 30.971356366056458 ], [ 76.473387843074676, 30.971355807801345 ], [ 76.473387757178784, 30.971355495873841 ], [ 76.473387694090064, 30.971355179928231 ], [ 76.473387520602969, 30.971354636758214 ], [ 76.473387369659335, 30.971354088612422 ], [ 76.473387248694678, 30.971353785441664 ], [ 76.473387149970236, 30.97135347634573 ], [ 76.473386915531819, 30.971352950443791 ], [ 76.473386702962259, 30.971352417685903 ], [ 76.473386548093657, 30.971352126191324 ], [ 76.47338641468437, 30.971351826922099 ], [ 76.473386121552466, 30.97135132335303 ], [ 76.473385849404067, 30.971350811113727 ], [ 76.473385662123093, 30.971350534102793 ], [ 76.473385495313693, 30.971350247542205 ], [ 76.473385146311188, 30.971349771155406 ], [ 76.473384817205016, 30.971349284368081 ], [ 76.473384599315466, 30.971349024508775 ], [ 76.473384400712249, 30.971348753416315 ], [ 76.473383999200195, 30.971348308799659 ], [ 76.473383616305753, 30.971347852152331 ], [ 76.473383369905676, 30.971347611946811 ], [ 76.473383141421621, 30.971347358933702 ], [ 76.473382691267091, 30.971346950369377 ], [ 76.473382258271613, 30.971346528259517 ], [ 76.473381985734179, 30.971346310021318 ], [ 76.473381729569525, 30.971346077523965 ], [ 76.473381235107411, 30.971345708946345 ], [ 76.473380756181186, 30.971345325439419 ], [ 76.473380460131182, 30.971345131270358 ], [ 76.473380178752834, 30.971344921527777 ], [ 76.473354499158248, 30.971327602734519 ], [ 76.473340391594434, 30.971297326965068 ], [ 76.473342489412474, 30.971221328128191 ], [ 76.473342489369358, 30.971221326660736 ], [ 76.47334248949312, 30.971221325196552 ], [ 76.473348707510709, 30.970994504959545 ], [ 76.47391230005482, 30.970994504969898 ], [ 76.473914210127276, 30.970994429582159 ], [ 76.473916104205031, 30.970994204058869 ], [ 76.473917966427791, 30.970993830288432 ], [ 76.473919781202014, 30.970993311400694 ], [ 76.473921533331449, 30.970992651740602 ], [ 76.473923208144427, 30.970991856831915 ], [ 76.473967008149799, 30.970968756828672 ], [ 76.473968539999547, 30.970967866392758 ], [ 76.473969974565051, 30.970966862825719 ], [ 76.473971300627667, 30.970965753975698 ], [ 76.473972507817194, 30.970964548514221 ], [ 76.473973586693063, 30.970963255868334 ], [ 76.474017386688587, 30.970905555861851 ], [ 76.474018371388311, 30.9709041171302 ], [ 76.474019197122942, 30.970902605960593 ], [ 76.474019856786214, 30.970901035358196 ], [ 76.474020344701046, 30.97089941883964 ], [ 76.474020656668444, 30.970897770316697 ], [ 76.474020790003621, 30.970896103976582 ], [ 76.474053122041198, 30.969654661621178 ], [ 76.475142981012041, 30.969673501374867 ], [ 76.475143082841953, 30.969673502920788 ], [ 76.476825783157992, 30.969695502955741 ], [ 76.476825994742995, 30.969695504797368 ], [ 76.477404275271951, 30.969698013617215 ], [ 76.477401506139287, 30.9699152021999 ], [ 76.477401506144616, 30.969915202320468 ], [ 76.477401506136218, 30.969915202440884 ], [ 76.477397706071102, 30.970213602433898 ], [ 76.477397706120954, 30.970213603560413 ], [ 76.477397706042581, 30.970213604685831 ], [ 76.477393505969786, 30.970547204678066 ], [ 76.477393505975229, 30.970547204800514 ], [ 76.477393505966688, 30.97054720492314 ], [ 76.477389505923242, 30.970865302851404 ], [ 76.477385405879929, 30.971184600791393 ], [ 76.47738548905528, 30.97118641717055 ], [ 76.477385784356017, 30.971188217065947 ], [ 76.477386288772138, 30.97118998213131 ], [ 76.477386997162142, 30.971191694375381 ], [ 76.477387902305466, 30.971193336345291 ], [ 76.477388994975996, 30.971194891304492 ], [ 76.477390264036202, 30.97119634340331 ], [ 76.477391696550569, 30.971197677840571 ], [ 76.477393277917557, 30.971198881014359 ], [ 76.477394992018304, 30.971199940660767 ], [ 76.477396821381049, 30.971200845978839 ], [ 76.477419621383433, 30.97121084598076 ], [ 76.477421362448155, 30.971211525101531 ], [ 76.477423168240435, 30.971212064310539 ], [ 76.477425023654149, 30.971212459097138 ], [ 76.477426913168031, 30.971212706158763 ], [ 76.477428820975604, 30.97121280342861 ], [ 76.478437221165109, 30.971224403449284 ], [ 76.478439216498913, 30.971224344199257 ], [ 76.478441196162024, 30.971224121128774 ], [ 76.478443142081261, 30.971223736274361 ], [ 76.478445036491436, 30.971223193149509 ], [ 76.478446862097698, 30.971222496712649 ], [ 76.478448602233215, 30.971221653321855 ], [ 76.478450241011586, 30.971220670676814 ], [ 76.478451763471654, 30.971219557748537 ], [ 76.478480463472977, 30.971196457745428 ], [ 76.478481918824187, 30.971195162891267 ], [ 76.478483216626259, 30.97119374913585 ], [ 76.478484343871401, 30.971192230649226 ], [ 76.4784852892613, 30.971190622651115 ], [ 76.478486043320331, 30.971188941258401 ], [ 76.478486598490633, 30.97118720332362 ], [ 76.478486949207735, 30.971185426266008 ], [ 76.478487091956467, 30.971183627896952 ], [ 76.47849359175521, 30.970876134181353 ], [ 76.478493591823167, 30.970876131026763 ], [ 76.478493591889489, 30.970876127889358 ], [ 76.478500291687482, 30.970565134173668 ], [ 76.478500291657809, 30.970565133336542 ], [ 76.478500291723421, 30.970565132501015 ], [ 76.478507102874886, 30.970247370129361 ], [ 76.479200757380028, 30.970262898996221 ], [ 76.479202745615154, 30.970262861926674 ], [ 76.479204720755533, 30.970262662153523 ], [ 76.479206664909839, 30.970262301486343 ], [ 76.479208560467455, 30.970261783192154 ], [ 76.479210390257919, 30.970261111965787 ], [ 76.47921213770654, 30.970260293887399 ], [ 76.479213786984488, 30.970259336367327 ], [ 76.479215323152175, 30.970258248079059 ], [ 76.479216732294603, 30.970257038880543 ], [ 76.479261332294868, 30.970214938875131 ], [ 76.479262679589908, 30.970213529802738 ], [ 76.479263854355779, 30.970212010405636 ], [ 76.479264844513466, 30.970210396306385 ], [ 76.479265639882101, 30.970208704101314 ], [ 76.479266232283635, 30.970206951189819 ], [ 76.479266615626955, 30.970205155595448 ], [ 76.479266785970523, 30.970203335780681 ], [ 76.479275785913984, 30.969942835773697 ], [ 76.479275745187181, 30.969941055417429 ], [ 76.479275500569059, 30.969939287234705 ], [ 76.479275054452316, 30.969937548520495 ], [ 76.479274411200507, 30.969935856281577 ], [ 76.479273577105459, 30.969934227070066 ], [ 76.479272560325612, 30.96993267682166 ], [ 76.47927137080633, 30.969931220699646 ], [ 76.479270020182568, 30.969929872946697 ], [ 76.479268521665077, 30.969928646745448 ], [ 76.479266889911159, 30.969927554089647 ], [ 76.479265140881381, 30.969926605666789 ], [ 76.479263291683367, 30.969925810753601 ], [ 76.479261360404507, 30.969925177125297 ], [ 76.479259365935093, 30.969924710979502 ], [ 76.479257327783401, 30.969924416875742 ], [ 76.479255265885072, 30.969924297690667 ], [ 76.478493366028076, 30.96991279770678 ], [ 76.478493357337371, 30.96991279794327 ], [ 76.478493348661146, 30.969912797450817 ], [ 76.477443522095911, 30.969897696284619 ], [ 76.477446065623596, 30.969698195511281 ], [ 76.477860394151264, 30.969700004813756 ], [ 76.477862402602696, 30.969699930249334 ], [ 76.477864393442957, 30.969699689716176 ], [ 76.477866348244149, 30.969699285440775 ], [ 76.477868248911889, 30.969698721165219 ], [ 76.477870077852955, 30.969698002112654 ], [ 76.477871818137999, 30.969697134938865 ], [ 76.477873453658333, 30.969696127670748 ], [ 76.477874969274993, 30.969694989631936 ], [ 76.477876350958923, 30.969693731356511 ], [ 76.477907150958572, 30.969662831352618 ], [ 76.477908500058788, 30.969661323350032 ], [ 76.477909656801998, 30.969659701014564 ], [ 76.477910608251747, 30.969657982489593 ], [ 76.477911343767531, 30.969656186994278 ], [ 76.477911855123679, 30.969654334608538 ], [ 76.477922155113987, 30.969605734605913 ], [ 76.477922431957523, 30.96960389828649 ], [ 76.477922488454553, 30.969602047176945 ], [ 76.477922324007523, 30.969600200857062 ], [ 76.477921940355827, 30.969598378856009 ], [ 76.477921341557504, 30.969596600445659 ], [ 76.477920533946246, 30.969594884436862 ], [ 76.477853826579405, 30.969471740093436 ], [ 76.477756803398975, 30.969270146472301 ], [ 76.477695752632002, 30.969078399777498 ], [ 76.477674938374278, 30.968932700196735 ], [ 76.477674938061057, 30.968932698639087 ], [ 76.477674937926224, 30.968932697062705 ], [ 76.47766515773165, 30.968864334596116 ], [ 76.477657122261874, 30.968625553738065 ], [ 76.477665065112276, 30.968550047474821 ], [ 76.477691197686426, 30.968387267253799 ], [ 76.477691197703578, 30.968387267087056 ], [ 76.477691197739574, 30.968387266922672 ], [ 76.477706061822744, 30.968294665270086 ], [ 76.478680719887109, 30.968308499270911 ], [ 76.480587078582602, 30.968372696909096 ], [ 76.481032601472066, 30.968494067607665 ], [ 76.481034543026723, 30.968494509324128 ], [ 76.481036524822414, 30.968494788400804 ], [ 76.481038528555288, 30.968494902260158 ], [ 76.481040535718819, 30.968494849850572 ], [ 76.481042527774861, 30.968494631656093 ], [ 76.481044486324734, 30.968494249691972 ], [ 76.481046393279286, 30.968493707486026 ], [ 76.481048231025866, 30.968493010046096 ], [ 76.481049982591031, 30.968492163813703 ], [ 76.481051631797328, 30.968491176604694 ], [ 76.481053163412668, 30.968490057536901 ], [ 76.481054563291039, 30.968488816946063 ], [ 76.481055818503179, 30.968487466290295 ], [ 76.48105691745593, 30.968486018044221 ], [ 76.48105784999936, 30.968484485583875 ], [ 76.481058607520538, 30.968482883063071 ], [ 76.481059183022978, 30.968481225282684 ], [ 76.481059571191324, 30.968479527554003 ], [ 76.481059768440502, 30.968477805557228 ], [ 76.481216348955087, 30.965798329057289 ], [ 76.48126751644152, 30.965288651824658 ], [ 76.481267532997066, 30.965288268574707 ], [ 76.481267574236526, 30.965287886709305 ], [ 76.481267571111985, 30.965287386239705 ], [ 76.481267592716506, 30.96528688610929 ], [ 76.481267565599637, 30.965286503306409 ], [ 76.481267563205293, 30.96528611979657 ], [ 76.481267503169974, 30.965285622000902 ], [ 76.481267467783212, 30.965285122453825 ], [ 76.481267397255039, 30.965284743784494 ], [ 76.481267351249983, 30.965284362323757 ], [ 76.481267234882111, 30.965283871996057 ], [ 76.481267142844814, 30.965283377843217 ], [ 76.481267029584586, 30.965283006954447 ], [ 76.481266940411871, 30.965282631216269 ], [ 76.481266768832015, 30.965282153078292 ], [ 76.481266621030656, 30.965281669079044 ], [ 76.481266466129242, 30.965281309542871 ], [ 76.481266334647557, 30.965280943145633 ], [ 76.481266109508141, 30.965280481802289 ], [ 76.481265907366122, 30.965280012617626 ], [ 76.481265712315107, 30.965279667896123 ], [ 76.481265539790854, 30.965279314368878 ], [ 76.481265263260354, 30.965278874263568 ], [ 76.481265008724193, 30.965278424411569 ], [ 76.481264775402096, 30.965278097824765 ], [ 76.481264563496737, 30.965277760572022 ], [ 76.481264238237955, 30.96527734594266 ], [ 76.481263933759266, 30.965276919756192 ], [ 76.481263664413262, 30.965276614449508 ], [ 76.481263415167419, 30.965276296718969 ], [ 76.481263044312797, 30.965275911558738 ], [ 76.481262692823876, 30.965275513142139 ], [ 76.48126239004786, 30.965275232055717 ], [ 76.481262105861944, 30.965274936907413 ], [ 76.481261692983111, 30.965274584925748 ], [ 76.481261297868912, 30.965274218115859 ], [ 76.481260964578695, 30.96527396395663 ], [ 76.481260648189661, 30.965273694233098 ], [ 76.48126019726304, 30.965273378819894 ], [ 76.481259762328548, 30.965273047149157 ], [ 76.481259401733723, 30.965272822364732 ], [ 76.481259056188733, 30.965272580663648 ], [ 76.481258571556921, 30.96527230485642 ], [ 76.481258100990857, 30.965272011519087 ], [ 76.481257716564457, 30.965271818274452 ], [ 76.481257345191025, 30.965271606923327 ], [ 76.48125683152098, 30.965271373378091 ], [ 76.481256329855455, 30.965271121199329 ], [ 76.481255925299763, 30.965270961355522 ], [ 76.481255531674364, 30.965270782389787 ], [ 76.481254993913211, 30.965270593355829 ], [ 76.481254465979347, 30.965270384764128 ], [ 76.481254045190283, 30.965270259860461 ], [ 76.481253633103876, 30.965270115003722 ], [ 76.48125307643059, 30.965269972301559 ], [ 76.481252527312634, 30.965269809305767 ], [ 76.481252094342452, 30.965269720545091 ], [ 76.481251667763871, 30.965269611192465 ], [ 76.481251097539698, 30.965269516196411 ], [ 76.481250532525763, 30.965269400366221 ], [ 76.481250091544482, 30.965269348603417 ], [ 76.481249654581603, 30.965269275807927 ], [ 76.481144854600132, 30.965256375812167 ], [ 76.481142856363874, 30.965256213757339 ], [ 76.481140849303017, 30.965256217666152 ], [ 76.481138851937217, 30.965256387502524 ], [ 76.48113688269666, 30.965256721699326 ], [ 76.481134959752012, 30.965257217172866 ], [ 76.48113310084679, 30.965257869351277 ], [ 76.480763064532169, 30.965405923422576 ], [ 76.479449157605998, 30.965385603239906 ], [ 76.47941247673441, 30.965314855364404 ], [ 76.479411572685876, 30.965313314613265 ], [ 76.479410501541722, 30.965311855562224 ], [ 76.479409273150964, 30.965310491627051 ], [ 76.47940789880856, 30.965309235348961 ], [ 76.479406391151386, 30.965308098279291 ], [ 76.47912909115918, 30.965118398308494 ], [ 76.479127637584781, 30.965117488875865 ], [ 76.479126098735748, 30.965116690390929 ], [ 76.478608898785396, 30.964873790436577 ], [ 76.478608838046142, 30.96487376202273 ], [ 76.478514845298804, 30.964829965407755 ], [ 76.478514841697702, 30.964829963728199 ], [ 76.477964245352183, 30.964573165456155 ], [ 76.477964242058633, 30.964573164095636 ], [ 76.477964238935058, 30.964573162464436 ], [ 76.477636138966915, 30.964420262493295 ], [ 76.47763400674026, 30.964419398963837 ], [ 76.476802306848867, 30.96413069902567 ], [ 76.476801654461653, 30.964130483419989 ], [ 76.476737655282946, 30.964110383679611 ], [ 76.476251293079187, 30.963957593647581 ], [ 76.476294389080948, 30.962130365850516 ], [ 76.476294391773834, 30.962130224259742 ], [ 76.4763099915385, 30.961050924234279 ], [ 76.476309993158807, 30.961050700003348 ], [ 76.476309993055111, 30.960576499993255 ], [ 76.47630980772874, 30.960574107174427 ], [ 76.476292007703634, 30.960459707174898 ], [ 76.476291701989012, 30.960458219390933 ], [ 76.476291252601982, 30.960456758934555 ], [ 76.476290662707143, 30.960455336090398 ], [ 76.476238262686223, 30.960343936096365 ], [ 76.47623717386503, 30.960341971659602 ], [ 76.476175173849967, 30.96024557166708 ], [ 76.476174032801751, 30.960243995265095 ], [ 76.476172709318661, 30.960242528590854 ], [ 76.476171217493501, 30.960241187261914 ], [ 76.476101417492558, 30.960184587269712 ], [ 76.476100243321326, 30.960183703941272 ], [ 76.476098996004112, 30.960182898504563 ], [ 76.476034996007741, 30.960144698510913 ], [ 76.476033093448279, 30.960143688208952 ], [ 76.47603107655469, 30.960142858808297 ], [ 76.475951576564853, 30.960114558814318 ], [ 76.47594935173575, 30.96011389069276 ], [ 76.475848451751361, 30.960088990698846 ], [ 76.475845648568594, 30.960088475178438 ], [ 76.475764248582962, 30.960078475181732 ], [ 76.475761651878614, 30.96007829752909 ], [ 76.475300151965243, 30.960071597538807 ], [ 76.475299810826954, 30.960071594986189 ], [ 76.47441101099443, 30.960071195002584 ], [ 76.474408934652359, 30.960071283189556 ], [ 76.474406878758103, 30.960071548760521 ], [ 76.474404863665868, 30.960071989086199 ], [ 76.474217163698853, 30.960121689080324 ], [ 76.474215104331364, 30.960122338103993 ], [ 76.474071704354103, 30.960175038096938 ], [ 76.474069534742512, 30.960175967024593 ], [ 76.473885134766718, 30.960266767011877 ], [ 76.473883656288393, 30.960267567436759 ], [ 76.47388226052567, 30.960268471451176 ], [ 76.473880957226399, 30.960269472741544 ], [ 76.47374785723143, 30.960380672726757 ], [ 76.473747726545383, 30.960380782869571 ], [ 76.473652926548567, 30.960461382858881 ], [ 76.473650919464163, 30.9604633582295 ], [ 76.472810439289049, 30.961423678385696 ], [ 76.471910138958378, 30.962320981589478 ], [ 76.471704997030031, 30.96250045598476 ], [ 76.471367117018858, 30.962701790660336 ], [ 76.471366811223362, 30.96270197638492 ], [ 76.470954516014785, 30.962957173408768 ], [ 76.470402620817268, 30.963298370425836 ], [ 76.470401044509316, 30.963299447660347 ], [ 76.470399595736012, 30.963300650546021 ], [ 76.470398287929726, 30.963301967930242 ], [ 76.470397133215855, 30.963303387598827 ], [ 76.470322033207154, 30.963405887587516 ], [ 76.470321002925502, 30.963407464033509 ], [ 76.470320161441208, 30.963409121624274 ], [ 76.470319517251369, 30.963410843621951 ], [ 76.470319076860832, 30.963412612638361 ], [ 76.470301976842478, 30.963503312633772 ], [ 76.470301709178827, 30.963505908038698 ], [ 76.470294559700775, 30.963885792113889 ], [ 76.469753108548232, 30.964020400597001 ], [ 76.469752094291835, 30.964020677033524 ], [ 76.469216194383435, 30.964179777013676 ], [ 76.469214047568698, 30.964180531612392 ], [ 76.468686447648011, 30.964396131582827 ], [ 76.468685255950732, 30.964396659536497 ], [ 76.46815345602235, 30.9646511595009 ], [ 76.468151636622082, 30.964652138735069 ], [ 76.467681736670741, 30.964934938695432 ], [ 76.467680157912369, 30.96493598888469 ], [ 76.467678702544433, 30.964937164004546 ], [ 76.467677383827706, 30.964938453347731 ], [ 76.467676213777835, 30.964939845166239 ], [ 76.467675203055904, 30.964941326778348 ], [ 76.46762570304638, 30.965022526770184 ], [ 76.467624797993793, 30.965024218676252 ], [ 76.467624100670307, 30.965025982116455 ], [ 76.467623618541907, 30.965027798210393 ], [ 76.467607118525621, 30.965109098206121 ], [ 76.467606895229778, 30.965110539071485 ], [ 76.467606807548719, 30.965111990763528 ], [ 76.467602715504356, 30.96541539597866 ], [ 76.467594928968822, 30.965501610552593 ], [ 76.467534803196031, 30.96557259362055 ], [ 76.46745863754083, 30.965615061742284 ], [ 76.467357611182351, 30.965635059491429 ], [ 76.466655264622005, 30.965624497894954 ], [ 76.466652870925188, 30.965624580255575 ], [ 76.466650503902301, 30.965624898186519 ], [ 76.466555603919829, 30.96564249818492 ], [ 76.466553858451064, 30.965642890533744 ], [ 76.466552158759498, 30.965643411156638 ], [ 76.466550517514122, 30.965644056173034 ], [ 76.466548946948237, 30.965644820775179 ], [ 76.466483046956171, 30.965680220770214 ], [ 76.466481234982183, 30.965681312938269 ], [ 76.466479567101047, 30.96568256400661 ], [ 76.466478061993655, 30.965683959962792 ], [ 76.466476736517734, 30.965685485171626 ], [ 76.466452112192812, 30.965717187737258 ], [ 76.466398589331732, 30.965784191156303 ], [ 76.466397440253346, 30.965785805270411 ], [ 76.466396494260252, 30.965787514454664 ], [ 76.466395761816528, 30.965789299802999 ], [ 76.466375161805857, 30.965849399798721 ], [ 76.466374672104479, 30.965851144293097 ], [ 76.466374386389617, 30.965852922133287 ], [ 76.466366086372403, 30.965934222130237 ], [ 76.466366007511468, 30.965936017701054 ], [ 76.466366136734351, 30.965937811103654 ], [ 76.466366472754018, 30.965939584476182 ], [ 76.46639117273277, 30.966038584478095 ], [ 76.466391657840333, 30.966040172549611 ], [ 76.466392308841307, 30.966041715928331 ], [ 76.466393120320248, 30.966043201775353 ], [ 76.466645680718983, 30.966455698483387 ], [ 76.465571944651643, 30.966422706612732 ], [ 76.465571943866522, 30.966422706621827 ], [ 76.465571943084115, 30.966422706564611 ], [ 76.465346943126107, 30.966415806570033 ], [ 76.465344892863641, 30.966415830446564 ], [ 76.465342855189604, 30.966416027379694 ], [ 76.465340849727923, 30.966416395472837 ], [ 76.465338895792257, 30.966416931181065 ], [ 76.465337012200081, 30.966417629345202 ], [ 76.465335217091393, 30.966418483241569 ] ], [ [ 76.472410980973962, 30.970945193899048 ], [ 76.472321922782854, 30.970903873717216 ], [ 76.472310125780297, 30.970867617618733 ], [ 76.472325370648463, 30.969631285866424 ], [ 76.474011338266664, 30.969654019141249 ], [ 76.473979144002683, 30.970890150972448 ], [ 76.473941184922211, 30.970940156416408 ], [ 76.473906412979957, 30.970958495043416 ], [ 76.473328300054845, 30.97095849504079 ], [ 76.473328300017627, 30.970958495042364 ], [ 76.473328299980253, 30.970958495040783 ], [ 76.47312132389817, 30.970958495044766 ], [ 76.472937451957492, 30.970955099259825 ], [ 76.472410980973962, 30.970945193899048 ] ], [ [ 76.472329194022834, 30.969269062303578 ], [ 76.472329193993545, 30.969269061674012 ], [ 76.47232919403595, 30.969269061044994 ], [ 76.472329794023324, 30.969211261043668 ], [ 76.472329794859149, 30.969211099999335 ], [ 76.472329794838544, 30.969116150891836 ], [ 76.472337870117229, 30.969092086547114 ], [ 76.472366459121673, 30.96906013919034 ], [ 76.472399115126024, 30.969041930475299 ], [ 76.472438120710294, 30.969032004947771 ], [ 76.472537952053258, 30.969032004948474 ], [ 76.47314430343296, 30.969039403145899 ], [ 76.473893477585278, 30.969048582019628 ], [ 76.473969136601369, 30.969060378798083 ], [ 76.47401082918185, 30.969107200237342 ], [ 76.474018095594346, 30.96919076419152 ], [ 76.474012061702936, 30.969618014538838 ], [ 76.472325781210387, 30.9695952771071 ], [ 76.472329194022834, 30.969269062303578 ] ], [ [ 76.472538395887199, 30.968995996856876 ], [ 76.472538099990061, 30.968995995051539 ], [ 76.472435100009491, 30.968995995053429 ], [ 76.472433103105203, 30.968996077465388 ], [ 76.472431124481403, 30.968996323948357 ], [ 76.47242918225129, 30.96899673224593 ], [ 76.472384382259222, 30.96900813224461 ], [ 76.472382493985961, 30.969008698693443 ], [ 76.472380677189122, 30.969009418069284 ], [ 76.472378948504399, 30.969010283785092 ], [ 76.472340748508785, 30.96903158378209 ], [ 76.472338839620321, 30.969032785416584 ], [ 76.472337100467499, 30.969034165160732 ], [ 76.472335553311879, 30.969035705353534 ], [ 76.472302353310411, 30.969072805349054 ], [ 76.472301230433317, 30.969074189880288 ], [ 76.472300263068206, 30.969075658991365 ], [ 76.472299459728973, 30.969077199752448 ], [ 76.472298827485915, 30.969078798603135 ], [ 76.472288827480583, 30.969108598601036 ], [ 76.472288371981818, 30.969110241088174 ], [ 76.472288097069679, 30.969111913123953 ], [ 76.472288005162625, 30.969113599999332 ], [ 76.472288005141323, 30.96921101947348 ], [ 76.472287593111702, 30.969250710825477 ], [ 76.471798187254137, 30.969246378993525 ], [ 76.471798094806744, 30.969029793376901 ], [ 76.471798005273541, 30.96902813499069 ], [ 76.471797738851436, 30.969026490760598 ], [ 76.471797297805608, 30.969024874666058 ], [ 76.471796685885877, 30.969023300447304 ], [ 76.471795908294865, 30.969021781488554 ], [ 76.471794971643746, 30.969020330704126 ], [ 76.471793883896055, 30.96901896042878 ], [ 76.471768683893032, 30.968990160431812 ], [ 76.471767335036844, 30.968988770332423 ], [ 76.471765830865067, 30.968987504097043 ], [ 76.471764186612148, 30.96898637455028 ], [ 76.471762418931377, 30.968985393132353 ], [ 76.471760545726085, 30.968984569783206 ], [ 76.471758585968402, 30.968983912841871 ], [ 76.471756559507014, 30.968983428961931 ], [ 76.471754486866274, 30.968983123044186 ], [ 76.471752389038173, 30.968982998187041 ], [ 76.471210289139904, 30.968974298198621 ], [ 76.471208162122892, 30.9689743574604 ], [ 76.471206053133528, 30.968974602846771 ], [ 76.471203984049112, 30.968975031812285 ], [ 76.471201976333063, 30.968975639907086 ], [ 76.471173376337646, 30.968985739905737 ], [ 76.471171544577089, 30.968986477903186 ], [ 76.471169804179752, 30.968987365017142 ], [ 76.471168171445115, 30.968988392939441 ], [ 76.47116666166437, 30.968989552043187 ], [ 76.471165288977176, 30.968990831472961 ], [ 76.471164066239282, 30.968992219246381 ], [ 76.471138766237132, 30.969024019242735 ], [ 76.471137726000549, 30.969025469486422 ], [ 76.471136849614538, 30.969026998010744 ], [ 76.471136144937063, 30.969028591110433 ], [ 76.47113561828651, 30.969030234501261 ], [ 76.471135274384991, 30.96903191344806 ], [ 76.471135116316049, 30.969033612896826 ], [ 76.471127282579843, 30.969240514503856 ], [ 76.470281015501044, 30.969232996051051 ], [ 76.470278966521732, 30.969233064543641 ], [ 76.470276935199806, 30.969233305764448 ], [ 76.470274941098012, 30.969233717390377 ], [ 76.470273003420616, 30.969234295457266 ], [ 76.470271140828487, 30.969235034397997 ], [ 76.470269371259434, 30.969235927096172 ], [ 76.470267711755369, 30.969236964954625 ], [ 76.470266178298175, 30.969238137978223 ], [ 76.470264785655914, 30.969239434870104 ], [ 76.470263547240492, 30.969240843140497 ], [ 76.470262474978512, 30.969242349227017 ], [ 76.470261579196446, 30.96924393862518 ], [ 76.470260868521194, 30.969245596028255 ], [ 76.470260349796931, 30.969247305474543 ], [ 76.470260028019283, 30.969249050501148 ], [ 76.47025990628714, 30.969250814302512 ], [ 76.47025998577287, 30.969252579892256 ], [ 76.470260265710991, 30.969254330266779 ], [ 76.470260743405547, 30.969256048569033 ], [ 76.4702614142561, 30.96925771825083 ], [ 76.470262271802, 30.969259323232205 ], [ 76.47026330778462, 30.969260848056315 ], [ 76.470264512226876, 30.969262278038261 ], [ 76.470265873529357, 30.969263599406545 ], [ 76.470267378581966, 30.969264799435649 ], [ 76.470269012890228, 30.969265866568644 ], [ 76.47027076071484, 30.969266790528437 ], [ 76.470272605223315, 30.9692675624168 ], [ 76.470274528652013, 30.969268174800003 ], [ 76.47027651247727, 30.969268621780465 ], [ 76.470278537593714, 30.969268899053539 ], [ 76.470280584498411, 30.969269003948892 ], [ 76.471147284661427, 30.969276703966244 ], [ 76.471147286426344, 30.969276703907234 ], [ 76.471147288189769, 30.969276703997334 ], [ 76.471777086816772, 30.969282203996887 ], [ 76.472287217848944, 30.969286719290334 ], [ 76.472283999785674, 30.969594306076754 ], [ 76.469724291618476, 30.969510708030356 ], [ 76.46972390529811, 30.969510711756378 ], [ 76.469723519436229, 30.969510695111993 ], [ 76.46937120689347, 30.969510412212241 ], [ 76.469400790586675, 30.968206251855676 ], [ 76.469400730371376, 30.968204489606745 ], [ 76.469400470433669, 30.968202740880734 ], [ 76.469400013265854, 30.968201022444479 ], [ 76.469399363251284, 30.968199350774448 ], [ 76.469398526622328, 30.968197741898656 ], [ 76.469397511400615, 30.968196211243072 ], [ 76.469396327320169, 30.968194773483685 ], [ 76.469394985733985, 30.968193442405759 ], [ 76.46939349950523, 30.968192230771745 ], [ 76.469391882883954, 30.968191150198837 ], [ 76.469390151370362, 30.96819021104757 ], [ 76.469388321566285, 30.968189422322585 ], [ 76.469386411015947, 30.968188791586186 ], [ 76.469384438037764, 30.968188324885912 ], [ 76.46938242154873, 30.968188026696513 ], [ 76.469380380883024, 30.968187899877002 ], [ 76.469133385976093, 30.968182999982577 ], [ 76.468012891204879, 30.968160300109037 ], [ 76.468010870908671, 30.96816034341046 ], [ 76.468008864916754, 30.968160554691639 ], [ 76.468006891994733, 30.96816093197609 ], [ 76.468004970598813, 30.968161471734394 ], [ 76.467944570608807, 30.968181271731826 ], [ 76.467942677056172, 30.968181986760236 ], [ 76.467940874774058, 30.968182859535418 ], [ 76.467939181406607, 30.96818388151301 ], [ 76.467937613531689, 30.968185042687953 ], [ 76.467936186498605, 30.968186331692507 ], [ 76.467934914277862, 30.968187735907442 ], [ 76.46793380932435, 30.968189241585669 ], [ 76.467932882455443, 30.968190833986782 ], [ 76.467932142745099, 30.968192497521333 ], [ 76.467908242734396, 30.968255397516547 ], [ 76.46790772777419, 30.968256999355148 ], [ 76.467907386436934, 30.968258635289377 ], [ 76.467907221631691, 30.968260291376954 ], [ 76.467907234763047, 30.968261953503795 ], [ 76.46790742571909, 30.968263607504394 ], [ 76.468060925521172, 30.969167307510162 ], [ 76.468061291138753, 30.96916893380747 ], [ 76.468061828668141, 30.969170524266193 ], [ 76.46806253355922, 30.969172065423294 ], [ 76.468063399845192, 30.969173544233083 ], [ 76.468064420193059, 30.969174948177628 ], [ 76.468065585965732, 30.969176265372749 ], [ 76.468097585963037, 30.969209165376526 ], [ 76.468098800953584, 30.969210310463716 ], [ 76.468100125841914, 30.969211361162973 ], [ 76.46810155078937, 30.969212309671828 ], [ 76.46813805079131, 30.969234509675491 ], [ 76.468139699921053, 30.969235416137202 ], [ 76.468141440195922, 30.96923618574089 ], [ 76.468143256364357, 30.969236811741808 ], [ 76.468145132509676, 30.969237288653776 ], [ 76.468147052189522, 30.969237612297174 ], [ 76.468148998580062, 30.969237779835627 ], [ 76.468150954623312, 30.96923778980084 ], [ 76.46838210042813, 30.969229636190953 ], [ 76.468404545510836, 30.969263267968547 ], [ 76.468416263601441, 30.969496268232785 ], [ 76.468303759998747, 30.96949459780275 ], [ 76.468303113800019, 30.969494596819303 ], [ 76.46786315125081, 30.969499789305239 ], [ 76.467556874375205, 30.969487296309445 ], [ 76.467460805901965, 30.969467294916306 ], [ 76.467532773855339, 30.969352773441248 ], [ 76.467533650865477, 30.969351200216607 ], [ 76.467683850820578, 30.969044500189398 ], [ 76.467684616906936, 30.969042663904524 ], [ 76.467711716893149, 30.968964663898909 ], [ 76.467712186444999, 30.968963041797739 ], [ 76.467735586425277, 30.968862541792024 ], [ 76.467735698102132, 30.968861900366857 ], [ 76.4677358291801, 30.968861261673254 ], [ 76.467735838046423, 30.96886116246645 ], [ 76.467735856898003, 30.968861064300647 ], [ 76.46773586726556, 30.968860928762744 ], [ 76.467735890653131, 30.968860794434335 ], [ 76.467735928830677, 30.968860146665303 ], [ 76.467735986626607, 30.968859499976382 ], [ 76.467735984165543, 30.968859400498324 ], [ 76.467735991760065, 30.968859301213094 ], [ 76.467736574778073, 30.968829275448901 ], [ 76.467763459533742, 30.968626544145803 ], [ 76.467763589874394, 30.968624115741839 ], [ 76.467757589821176, 30.968381915737645 ], [ 76.467757395885556, 30.968379822885936 ], [ 76.467730395848818, 30.968212322886782 ], [ 76.467730073672001, 30.968210804881004 ], [ 76.467729601828651, 30.968209316223689 ], [ 76.467714201820286, 30.968167816225289 ], [ 76.46771419832568, 30.968167808190383 ], [ 76.467714195752734, 30.968167799901231 ], [ 76.4676934957415, 30.968112199903366 ], [ 76.467692670171019, 30.968110342172629 ], [ 76.467569470128382, 30.967873242187018 ], [ 76.467568886152364, 30.967872208178864 ], [ 76.467399786107293, 30.967595608199154 ], [ 76.46739975016807, 30.967595549673778 ], [ 76.466979950057919, 30.966914949724181 ], [ 76.46697989407339, 30.966914859577287 ], [ 76.466716138933322, 30.966493039553662 ], [ 76.46900673863847, 30.966508304351468 ], [ 76.469006832002989, 30.966508304793066 ], [ 76.469235378934613, 30.966508945497516 ], [ 76.469220608152639, 30.967326219618368 ], [ 76.46922067539343, 30.967327970200628 ], [ 76.469220939711448, 30.96732970686941 ], [ 76.469221398605228, 30.967331413189452 ], [ 76.469222047732032, 30.967333073012714 ], [ 76.469222880948692, 30.967334670631168 ], [ 76.46922389036996, 30.967336190925469 ], [ 76.469225066443002, 30.967337619508058 ], [ 76.469226398037847, 30.967338942859293 ], [ 76.469227872552736, 30.967340148455424 ], [ 76.469229476033348, 30.967341224887058 ], [ 76.469231193304864, 30.967342161967203 ], [ 76.469233008115609, 30.967342950827661 ], [ 76.469234903290754, 30.96734358400289 ], [ 76.469236860895037, 30.967344055500714 ], [ 76.469238862402321, 30.967344360859062 ], [ 76.469240888870971, 30.967344497188108 ], [ 76.470107797403458, 30.967366352860868 ], [ 76.470067146254536, 30.967926175583493 ], [ 76.470067141935175, 30.967926453247131 ], [ 76.470067115941632, 30.967926730030953 ], [ 76.470067118875861, 30.967926875114461 ], [ 76.470067107997792, 30.967927019916893 ], [ 76.470064061271032, 30.968095767250389 ], [ 76.470046424964607, 30.968138635678049 ], [ 76.470021876474362, 30.968161727282986 ], [ 76.469637278550991, 30.968158895760602 ], [ 76.469635229739822, 30.968158967375242 ], [ 76.469633198940286, 30.968159211690828 ], [ 76.469631205710058, 30.968159626354471 ], [ 76.469629269245047, 30.968160207372723 ], [ 76.469627408194455, 30.968160949150086 ], [ 76.469625640481198, 30.968161844542813 ], [ 76.469623983129324, 30.968162884927814 ], [ 76.469622452100026, 30.968164060285581 ], [ 76.469621062137961, 30.968165359296815 ], [ 76.469619826629241, 30.96816676945134 ], [ 76.469618757472432, 30.968168277168562 ], [ 76.469617864964164, 30.968169867928356 ], [ 76.469617157699759, 30.96817152641086 ], [ 76.46961664249055, 30.968173236643977 ], [ 76.469616324298315, 30.968174982157208 ], [ 76.469616206187439, 30.96817674614034 ], [ 76.469616289295388, 30.968178511605259 ], [ 76.469616572821806, 30.968180261549534 ], [ 76.469617054036178, 30.968181979120278 ], [ 76.469617728304172, 30.968183647776311 ], [ 76.46961858913221, 30.968185251447604 ], [ 76.469619628230078, 30.96818677468989 ], [ 76.469620835590689, 30.96818820283352 ], [ 76.46962219958651, 30.968189522124693 ], [ 76.46962370708151, 30.968190719857901 ], [ 76.469625343557695, 30.968191784498309 ], [ 76.469627093254914, 30.968192705792866 ], [ 76.46962893932259, 30.968193474868976 ], [ 76.46963086398209, 30.96819408432 ], [ 76.469632848697913, 30.968194528276605 ], [ 76.469634874356117, 30.968194802463263 ], [ 76.469636921448497, 30.968194904239372 ], [ 76.470030821522627, 30.968197804247133 ], [ 76.470032764276567, 30.96819774060522 ], [ 76.470034691756183, 30.968197521641549 ], [ 76.470036587274222, 30.968197149251793 ], [ 76.470038434420118, 30.96819662665996 ], [ 76.470040217202097, 30.9681959583904 ], [ 76.470041920185636, 30.968195150228688 ], [ 76.470043528627031, 30.968194209171529 ], [ 76.470045028601135, 30.9681931433662 ], [ 76.470046407121842, 30.968191962039967 ], [ 76.470080107122072, 30.968160262035884 ], [ 76.470081442120687, 30.968158872478739 ], [ 76.470082609054728, 30.968157374782834 ], [ 76.470083596209975, 30.968155783982716 ], [ 76.47008439367697, 30.968154116047511 ], [ 76.470104593668935, 30.968105016043584 ], [ 76.470105233284414, 30.968103145188696 ], [ 76.470105634310045, 30.96810122569438 ], [ 76.470105792040215, 30.968099280083873 ], [ 76.470108561696961, 30.967945874981702 ], [ 76.471550761326256, 30.967985227206562 ], [ 76.471600700623227, 30.968247695067308 ], [ 76.471098500049436, 30.968247695076535 ], [ 76.471096301102889, 30.968247795055706 ], [ 76.471094126577853, 30.968248093891738 ], [ 76.471092000625163, 30.968248588265702 ], [ 76.471089946856168, 30.968249272686929 ], [ 76.471087988080512, 30.96825013955408 ], [ 76.471057088084521, 30.96826563955192 ], [ 76.471055292421298, 30.968266650031143 ], [ 76.471053626421266, 30.968267813797674 ], [ 76.471052107636083, 30.968269118590957 ], [ 76.471050752066517, 30.968270550664698 ], [ 76.471049573993795, 30.96827209493167 ], [ 76.471048585829223, 30.968273735122668 ], [ 76.471047797983331, 30.96827545395789 ], [ 76.471047218756269, 30.968277233329029 ], [ 76.471046854250346, 30.96827905448999 ], [ 76.471046708305721, 30.968280898254402 ], [ 76.471035208176929, 30.968872098239963 ], [ 76.471035208225345, 30.968872099530255 ], [ 76.471035208126978, 30.968872100818533 ], [ 76.471031208081797, 30.969079500813471 ], [ 76.471031274649604, 30.9690812668013 ], [ 76.471031541776938, 30.969083018663063 ], [ 76.471032006891207, 30.96908473952735 ], [ 76.471032665513121, 30.969086412821305 ], [ 76.471033511299794, 30.969088022430196 ], [ 76.471034536105861, 30.969089552852587 ], [ 76.471035730061885, 30.969090989349684 ], [ 76.471037081669408, 30.969092318087242 ], [ 76.471038577911713, 30.969093526268757 ], [ 76.471040204379193, 30.969094602258803 ], [ 76.471041945408061, 30.969095535694997 ], [ 76.471043784231242, 30.969096317587827 ], [ 76.471045703139865, 30.969096940407237 ], [ 76.471047683653779, 30.969097398155121 ], [ 76.471049706699574, 30.969097686423137 ], [ 76.471051752794168, 30.969097802435098 ], [ 76.471053802232547, 30.969097745073718 ], [ 76.471055835277497, 30.969097514891427 ], [ 76.471057832349686, 30.969097114105018 ], [ 76.471059774216158, 30.969096546574303 ], [ 76.471061642175712, 30.969095817764881 ], [ 76.471063418238856, 30.969094934695597 ], [ 76.471065085301149, 30.969093905870899 ], [ 76.471066627307806, 30.969092741198928 ], [ 76.471068029408499, 30.969091451896137 ], [ 76.471069278100231, 30.969090050379187 ], [ 76.471070361357405, 30.9690885501455 ], [ 76.471071268747679, 30.969086965643111 ], [ 76.471071991532369, 30.969085312131682 ], [ 76.471072522750717, 30.969083605535406 ], [ 76.471072857286757, 30.969081862289752 ], [ 76.471072991918774, 30.969080099183131 ], [ 76.471076643775731, 30.968890748256282 ], [ 76.471587337205861, 30.96889920059262 ], [ 76.472202175739767, 30.968912499274257 ], [ 76.472204233439015, 30.968912456390772 ], [ 76.472206276258092, 30.968912239262117 ], [ 76.472208284373863, 30.968911849995212 ], [ 76.472210238299979, 30.968911292367466 ], [ 76.472212119075948, 30.968910571789966 ], [ 76.472213908451067, 30.968909695255061 ], [ 76.472242208454375, 30.968894195252883 ], [ 76.472243898742832, 30.968893164725685 ], [ 76.472245462365919, 30.968891995101256 ], [ 76.472246883968936, 30.96889069786527 ], [ 76.472248149591735, 30.968889285756557 ], [ 76.472249246805987, 30.96888777264201 ], [ 76.472250164837035, 30.968886173380348 ], [ 76.47225089466987, 30.9688845036763 ], [ 76.472251429137557, 30.968882779926307 ], [ 76.472251762991661, 30.968881019057562 ], [ 76.472251892953722, 30.968879238361737 ], [ 76.472252953084435, 30.968810240540691 ], [ 76.473140465153563, 30.968824630026099 ], [ 76.473134730492006, 30.969003272816391 ], [ 76.472538395887199, 30.968995996856876 ] ], [ [ 76.474190591603033, 30.968832815735936 ], [ 76.474198191521694, 30.968459415726766 ], [ 76.47419812583, 30.968457638987704 ], [ 76.474197857134158, 30.968455876490179 ], [ 76.474197388053327, 30.968454145414508 ], [ 76.474196723159992, 30.968452462634712 ], [ 76.474195868935368, 30.968450844554056 ], [ 76.474194833706164, 30.968449306945104 ], [ 76.474193627563523, 30.96844786479603 ], [ 76.474192262264566, 30.968446532164457 ], [ 76.474190751117845, 30.968445322040516 ], [ 76.474189108853594, 30.96844424622012 ], [ 76.474187351480097, 30.968443315190076 ], [ 76.474185496127731, 30.968442538025759 ], [ 76.47418356088194, 30.968441922302755 ], [ 76.474181564606923, 30.968441474022956 ], [ 76.474179526761773, 30.968441197556025 ], [ 76.474177467210822, 30.968441095596926 ], [ 76.473162967479581, 30.96843409561739 ], [ 76.473162967401706, 30.968434095616853 ], [ 76.472257844423666, 30.968427840599382 ], [ 76.47225939316337, 30.968316415631911 ], [ 76.472259393449903, 30.968316393923285 ], [ 76.472259693444656, 30.968292393922699 ], [ 76.472259613832293, 30.968290617880349 ], [ 76.472259331394426, 30.968288857255363 ], [ 76.472258848883342, 30.96828712920459 ], [ 76.472258171000988, 30.968285450567464 ], [ 76.472257304353207, 30.96828383770184 ], [ 76.472256257385212, 30.968282306324713 ], [ 76.472255040299501, 30.968280871358939 ], [ 76.472253664956227, 30.96827954678789 ], [ 76.472252144757789, 30.968278345519195 ], [ 76.472221244758344, 30.968256245522518 ], [ 76.472219613949633, 30.968255190583484 ], [ 76.472217871569768, 30.968254277651305 ], [ 76.472216034214313, 30.968253515421335 ], [ 76.472214119383423, 30.968252911153549 ], [ 76.472212145315169, 30.968252470603343 ], [ 76.472210130811817, 30.96825219796683 ], [ 76.472208095060793, 30.968252095840771 ], [ 76.471834419458304, 30.968249089154309 ], [ 76.471848435199576, 30.968168361520014 ], [ 76.471858763283976, 30.968144776482049 ], [ 76.472159452740058, 30.967964067995233 ], [ 76.472160977572173, 30.967963058651247 ], [ 76.472162388271585, 30.967961932794278 ], [ 76.472163672891966, 30.967960699958503 ], [ 76.47247627288381, 30.967631399917796 ], [ 76.472477525023564, 30.967629935796332 ], [ 76.472478599362105, 30.967628370292147 ], [ 76.472479484937111, 30.967626719379325 ], [ 76.47248017271238, 30.967624999903418 ], [ 76.47248065567004, 30.967623229409597 ], [ 76.472480928882064, 30.967621425963593 ], [ 76.472480989560694, 30.967619607967386 ], [ 76.472480837086792, 30.967617793971392 ], [ 76.472480473016148, 30.967616002485276 ], [ 76.472479901063707, 30.967614251788948 ], [ 76.47247912706554, 30.967612559746115 ], [ 76.472478158919387, 30.967610943622041 ], [ 76.472477006503979, 30.967609419907287 ], [ 76.472475681578345, 30.967608004149508 ], [ 76.472474197661725, 30.967606710794769 ], [ 76.472472569895686, 30.967605553040183 ], [ 76.472113869910814, 30.967375653076985 ], [ 76.472112164542693, 30.967374668358033 ], [ 76.472110355267688, 30.967373832596142 ], [ 76.472108459550185, 30.967373153858652 ], [ 76.472106495688976, 30.967372638697228 ], [ 76.472104482640617, 30.967372292084569 ], [ 76.472102439836476, 30.967372117366409 ], [ 76.471842245242058, 30.967360945069565 ], [ 76.471858656880883, 30.967193941845313 ], [ 76.472065754956674, 30.967198598816417 ], [ 76.472067921368961, 30.967198550653201 ], [ 76.472070070339399, 30.967198309386042 ], [ 76.472072178750437, 30.967197877610356 ], [ 76.47207422392087, 30.967197259970956 ], [ 76.472124623929005, 30.967179459968605 ], [ 76.472126539307737, 30.967178683660393 ], [ 76.472128353712421, 30.967177744349151 ], [ 76.472130048523056, 30.967176651674357 ], [ 76.472131606346991, 30.9671754168494 ], [ 76.472133011197329, 30.967174052546451 ], [ 76.472134248657099, 30.967172572766394 ], [ 76.47213530602707, 30.967170992695191 ], [ 76.472136172456231, 30.967169328548017 ], [ 76.472151072451098, 30.967136328545216 ], [ 76.472151672054849, 30.967134801534637 ], [ 76.472152110753939, 30.967133234430008 ], [ 76.472152385031592, 30.967131639793781 ], [ 76.472152492689105, 30.967130030409159 ], [ 76.472161226011181, 30.966541978074318 ], [ 76.472560601941552, 30.966545313936276 ], [ 76.47267717814033, 30.966689883191734 ], [ 76.47266900957203, 30.967052249182988 ], [ 76.472656209474167, 30.967616448068888 ], [ 76.472656270036225, 30.967618214220419 ], [ 76.472656531202247, 30.967619966752235 ], [ 76.472656990457025, 30.967621688786522 ], [ 76.47265764337773, 30.967623363739129 ], [ 76.472658483676369, 30.967624975479346 ], [ 76.472659503260431, 30.967626508485274 ], [ 76.472660692310768, 30.967627947993158 ], [ 76.472662039376161, 30.967629280139779 ], [ 76.472663531483661, 30.967630492095832 ], [ 76.472665154263453, 30.967631572189521 ], [ 76.472666892087261, 30.96763251001893 ], [ 76.47266872821892, 30.96763329655224 ], [ 76.472670644975437, 30.967633924214727 ], [ 76.472672623897409, 30.967634386961649 ], [ 76.47267464592673, 30.96763468033647 ], [ 76.472676691590124, 30.967634801513853 ], [ 76.472678741186755, 30.967634749326791 ], [ 76.472680774977846, 30.967634524277852 ], [ 76.472682773376874, 30.96763412853441 ], [ 76.472684717138179, 30.967633565907672 ], [ 76.472686587542228, 30.967632841816055 ], [ 76.472688366576023, 30.967631963232936 ], [ 76.472690037106474, 30.967630938619578 ], [ 76.472691583045474, 30.967629777843573 ], [ 76.472692989504765, 30.967628492083822 ], [ 76.472694242939383, 30.9676270937229 ], [ 76.472695331278075, 30.967625596227791 ], [ 76.47269624403954, 30.967624014020206 ], [ 76.472696972433383, 30.967622362337675 ], [ 76.472697509444799, 30.967620657086787 ], [ 76.472697849902076, 30.967618914690057 ], [ 76.472697990526427, 30.967617151927712 ], [ 76.472710383625113, 30.967070882120439 ], [ 76.473519070223816, 30.967081738267183 ], [ 76.473567066437056, 30.968044943627348 ], [ 76.472762695634017, 30.968028500111711 ], [ 76.47276064579377, 30.96802854492401 ], [ 76.47275861092136, 30.968028762653478 ], [ 76.472756610613743, 30.96802915120324 ], [ 76.472754664134939, 30.968029706831398 ], [ 76.472752790230615, 30.968030424186892 ], [ 76.472751006947448, 30.968031296361257 ], [ 76.472749331459468, 30.968032314954922 ], [ 76.472747779902505, 30.968033470158325 ], [ 76.472746367218903, 30.968034750846197 ], [ 76.47274510701358, 30.968036144684834 ], [ 76.472744011423018, 30.96803763825082 ], [ 76.472743090998335, 30.968039217160293 ], [ 76.472742354603753, 30.968040866207488 ], [ 76.472741809331126, 30.968042569511198 ], [ 76.472741460431763, 30.968044310667683 ], [ 76.472741311265764, 30.968046072908642 ], [ 76.472741363269677, 30.968047839262741 ], [ 76.472741615942695, 30.968049592719019 ], [ 76.472742066851453, 30.968051316390738 ], [ 76.472742711653481, 30.968052993678011 ], [ 76.47274354413895, 30.968054608427607 ], [ 76.472744556290607, 30.968056145088639 ], [ 76.472745738360871, 30.968057588862202 ], [ 76.472747078965796, 30.968058925843959 ], [ 76.472748565194578, 30.968060143158045 ], [ 76.47275018273406, 30.968061229081048 ], [ 76.47275191600643, 30.968062173154959 ], [ 76.472753748319334, 30.968062966287775 ], [ 76.4727556620266, 30.968063600841237 ], [ 76.472757638698155, 30.968064070704219 ], [ 76.472759659297566, 30.968064371351684 ], [ 76.472761704365354, 30.968064499888229 ], [ 76.473588404520243, 30.968081399906541 ], [ 76.473588445370879, 30.968081399013229 ], [ 76.473588486137572, 30.968081401437292 ], [ 76.475323086462936, 30.968111001474632 ], [ 76.475325028082665, 30.96811095678796 ], [ 76.475326956498122, 30.968110756935772 ], [ 76.475328855045817, 30.968110403644985 ], [ 76.475330707320268, 30.968109899968415 ], [ 76.475332497315875, 30.968109250258362 ], [ 76.47533420956519, 30.968108460128978 ], [ 76.475369009569576, 30.968090560126459 ], [ 76.475370838100758, 30.968089503164968 ], [ 76.475372527403152, 30.968088286264237 ], [ 76.475374058718003, 30.968086922937278 ], [ 76.475375415040915, 30.968085428323104 ], [ 76.475376581310655, 30.968083819018577 ], [ 76.475377544576446, 30.968082112894152 ], [ 76.475396144570908, 30.968044212890778 ], [ 76.47539684425665, 30.968042568472288 ], [ 76.475397355215406, 30.96804087325345 ], [ 76.475397672612118, 30.968039143275643 ], [ 76.475397793443349, 30.968037394909157 ], [ 76.475415964398053, 30.966590902503494 ], [ 76.475988838896313, 30.966601800631516 ], [ 76.475988840128394, 30.966601800602824 ], [ 76.475988841358244, 30.966601800678237 ], [ 76.476681340273885, 30.966614900670407 ], [ 76.477260572729136, 30.966625909767362 ], [ 76.477253940571885, 30.967507768810751 ], [ 76.476480330598108, 30.967506794995678 ], [ 76.476478306619867, 30.967506877100064 ], [ 76.476476301387066, 30.967507127748803 ], [ 76.476474333756641, 30.967507544584812 ], [ 76.476472422231879, 30.967508123688269 ], [ 76.476470584788501, 30.967508859613343 ], [ 76.476468838705529, 30.967509745439493 ], [ 76.47646720040288, 30.96751077283654 ], [ 76.476465685286925, 30.967511932143029 ], [ 76.476464307605582, 30.967513212456971 ], [ 76.47646308031436, 30.967514601738515 ], [ 76.476462014954535, 30.967516086923041 ], [ 76.476461121544617, 30.96751765404408 ], [ 76.476460408486105, 30.967519288364674 ], [ 76.476459882484505, 30.96752097451591 ], [ 76.476459548486261, 30.967522696641453 ], [ 76.476459409632255, 30.967524438546704 ], [ 76.476453509600347, 30.967777637544842 ], [ 76.476446309559293, 30.968084836435718 ], [ 76.47644630973079, 30.968084841548762 ], [ 76.476446309323208, 30.968084846651923 ], [ 76.476443310465768, 30.968216495232376 ], [ 76.476443111976366, 30.968223243822521 ], [ 76.476443109420131, 30.96822334111403 ], [ 76.476439561083779, 30.968376706648705 ], [ 76.476419745175363, 30.968439150885889 ], [ 76.476419341837286, 30.968440681149907 ], [ 76.476419094660656, 30.968442235864597 ], [ 76.476419005523056, 30.968443803220193 ], [ 76.476419075101589, 30.968445371310946 ], [ 76.476434491341067, 30.968607391389511 ], [ 76.476428307849332, 30.968936608629377 ], [ 76.476428377257022, 30.968938394905233 ], [ 76.476428651844415, 30.968940166450878 ], [ 76.476429128905821, 30.968941905810116 ], [ 76.476429803740487, 30.968943595843939 ], [ 76.476430669698829, 30.968945219899386 ], [ 76.476431718248023, 30.968946761973609 ], [ 76.476432939056068, 30.968948206871534 ], [ 76.476434320093546, 30.968949540355695 ], [ 76.476435847752242, 30.96895074928641 ], [ 76.476437506979181, 30.968951821751325 ], [ 76.476439281424916, 30.968952747182723 ], [ 76.476441153604711, 30.968953516461781 ], [ 76.4764431050708, 30.968954122008274 ], [ 76.476445116594121, 30.968954557855373 ], [ 76.476447168353857, 30.968954819708372 ], [ 76.476449240132709, 30.968954904987115 ], [ 76.47763572389907, 30.968952935741221 ], [ 76.477654461592863, 30.969084099800124 ], [ 76.477655049668698, 30.969086663762241 ], [ 76.477716849628322, 30.969280763768143 ], [ 76.477717698969627, 30.96928289734727 ], [ 76.477815398931824, 30.969485897358467 ], [ 76.477815766072752, 30.969486615552153 ], [ 76.477879847924967, 30.96960491319404 ], [ 76.477871761595637, 30.969643068068859 ], [ 76.477850944239364, 30.969663953011924 ], [ 76.477425505930185, 30.969662095194536 ], [ 76.4774255055368, 30.969662095209468 ], [ 76.477425505143657, 30.969662095191115 ], [ 76.476826311054168, 30.969659495661823 ], [ 76.475143768075014, 30.969637497745222 ], [ 76.474053845694414, 30.969618656935104 ], [ 76.474059893344574, 30.969190419081809 ], [ 76.474059836480023, 30.969188854660107 ], [ 76.474052036460222, 30.969099154659453 ], [ 76.474051788676931, 30.969097428932375 ], [ 76.474051348856534, 30.969095731850107 ], [ 76.474050721101378, 30.969094079241916 ], [ 76.474049911266746, 30.969092486522179 ], [ 76.474048926906235, 30.969090968546713 ], [ 76.474047777201278, 30.96908953947414 ], [ 76.473997377195559, 30.969032939480172 ], [ 76.473996136211781, 30.969031671359854 ], [ 76.473994765054172, 30.969030507036344 ], [ 76.47399327536111, 30.969029456392413 ], [ 76.473991679777114, 30.969028528345937 ], [ 76.473989991845542, 30.969027730774183 ], [ 76.473988225893535, 30.969027070446955 ], [ 76.473986396910519, 30.969026552969087 ], [ 76.473984520420913, 30.969026182732939 ], [ 76.473899220435555, 30.969012882736877 ], [ 76.473897515551911, 30.969012678989202 ], [ 76.473895796991656, 30.969012596845506 ], [ 76.47315562511433, 30.969003528299641 ], [ 76.473161357003818, 30.968824970650726 ], [ 76.474148623231258, 30.968841158530168 ], [ 76.474147308470336, 30.96890487993495 ], [ 76.474147372646485, 30.968906645833965 ], [ 76.474147637365093, 30.968908397811358 ], [ 76.474148100077244, 30.96891011899767 ], [ 76.474148756327565, 30.96891179281997 ], [ 76.474149599797187, 30.968913403161313 ], [ 76.474150622364519, 30.968914934516054 ], [ 76.474151814183458, 30.968916372139091 ], [ 76.474153163778212, 30.968917702187799 ], [ 76.474154658153822, 30.968918911855443 ], [ 76.474156282921228, 30.968919989494342 ], [ 76.474158022435873, 30.968920924728124 ], [ 76.47415985994833, 30.968921708551616 ], [ 76.474161777765516, 30.96892233341751 ], [ 76.474163757421167, 30.968922793309115 ], [ 76.47416577985355, 30.968923083798213 ], [ 76.474167825589078, 30.968923202087737 ], [ 76.474371644834861, 30.968926349510816 ], [ 76.474373053017445, 30.96905678374581 ], [ 76.474373105070256, 30.969057601418527 ], [ 76.474393468972607, 30.969231967499724 ], [ 76.474383750673383, 30.969242121875791 ], [ 76.474085739973901, 30.969243597660405 ], [ 76.474084716250488, 30.969243646078965 ], [ 76.47408370296418, 30.969243780728675 ], [ 76.474082709873443, 30.969244000312791 ], [ 76.474081746542339, 30.969244302716575 ], [ 76.474080822248212, 30.969244685027736 ], [ 76.474079945892555, 30.969245143564397 ], [ 76.474079125915139, 30.969245673910599 ], [ 76.474078370212794, 30.969246270958831 ], [ 76.474077686063353, 30.969246928959187 ], [ 76.474077080055551, 30.969247641574754 ], [ 76.474076558025544, 30.969248401942671 ], [ 76.474076125000806, 30.969249202740173 ], [ 76.474075785151584, 30.969250036255161 ], [ 76.474075541750821, 30.969250894460394 ], [ 76.474075397142599, 30.969251769090917 ], [ 76.474075352719581, 30.969252651723554 ], [ 76.47407540890957, 30.969253533858069 ], [ 76.474075565171447, 30.969254406999035 ], [ 76.474075820000323, 30.969255262737594 ], [ 76.474076170942055, 30.969256092832552 ], [ 76.474076614616891, 30.969256889289625 ], [ 76.474077146752009, 30.969257644438489 ], [ 76.474077762222635, 30.969258351006669 ], [ 76.474078455101463, 30.969259002189496 ], [ 76.474079218715701, 30.969259591715751 ], [ 76.474080045711318, 30.969260113907954 ], [ 76.474080928123882, 30.969260563737116 ], [ 76.474081857455303, 30.969260936871109 ], [ 76.474082824755598, 30.969261229716494 ], [ 76.474083820709126, 30.969261439452982 ], [ 76.474084835724312, 30.969261564060705 ], [ 76.474085860026008, 30.969261602339607 ], [ 76.474388760054595, 30.969260102342236 ], [ 76.474389774381152, 30.96926005476211 ], [ 76.474390778550429, 30.969259922522891 ], [ 76.474391763068894, 30.969259706874784 ], [ 76.474392718628849, 30.969259409856548 ], [ 76.474393636196339, 30.969259034276206 ], [ 76.474394507096591, 30.96925858368455 ], [ 76.474395323096047, 30.969258062341485 ], [ 76.474396076480176, 30.969257475175858 ], [ 76.474396760126425, 30.969256827738757 ], [ 76.474412360126237, 30.969240527737757 ], [ 76.474412976127383, 30.969239815176692 ], [ 76.474413507610336, 30.969239053760454 ], [ 76.474413949397658, 30.969238250906361 ], [ 76.474414297185703, 30.969237414435376 ], [ 76.474414547586491, 30.969236552495968 ], [ 76.474414698160771, 30.969235673484683 ], [ 76.474414747441742, 30.969234785964385 ], [ 76.474414694949289, 30.969233898580814 ], [ 76.474393942557739, 30.969056206395884 ], [ 76.474392544081155, 30.968926673819258 ], [ 76.474657422165464, 30.968930802043609 ], [ 76.47465747615999, 30.968930802824925 ], [ 76.475206226228664, 30.968938131073468 ], [ 76.475208906311352, 30.969151894506645 ], [ 76.475209025078684, 30.969153626771444 ], [ 76.475209336818352, 30.969155341139029 ], [ 76.475209838634697, 30.969157021685138 ], [ 76.475210525866515, 30.969158652799631 ], [ 76.475211392130305, 30.96916021933156 ], [ 76.475212429379596, 30.969161706729857 ], [ 76.475213627979684, 30.969163101178495 ], [ 76.475214976797119, 30.969164389724831 ], [ 76.475216463303127, 30.969165560399912 ], [ 76.475218073689959, 30.969166602329697 ], [ 76.475219792999198, 30.969167505835959 ], [ 76.475221605260671, 30.96916826252631 ], [ 76.475223493640812, 30.96916886537203 ], [ 76.475225440598933, 30.969169308773473 ], [ 76.475227428050331, 30.969169588612015 ], [ 76.475229437534111, 30.969169702288291 ], [ 76.475684337619512, 30.969176502297909 ], [ 76.475684338483163, 30.969176502310777 ], [ 76.47568433873559, 30.96917650231455 ], [ 76.476080338809908, 30.969182402322932 ], [ 76.476082434021976, 30.969182342906169 ], [ 76.476084511779888, 30.969182102881408 ], [ 76.476086551169544, 30.969181684664647 ], [ 76.476088531663038, 30.969181092465565 ], [ 76.476090433325297, 30.969180332245038 ], [ 76.47609223701474, 30.969179411655233 ], [ 76.476093924575977, 30.969178339962525 ], [ 76.476095479022476, 30.969177127954278 ], [ 76.476096884707673, 30.969175787830217 ], [ 76.476098127482345, 30.969174333079604 ], [ 76.476099194837104, 30.969172778345566 ], [ 76.476100076028246, 30.969171139277595 ], [ 76.476100762185993, 30.969169432374041 ], [ 76.476101246403701, 30.969167674816134 ], [ 76.476101523807358, 30.969165884294885 ], [ 76.476101591604746, 30.969164078833213 ], [ 76.476098597416893, 30.969019461089182 ], [ 76.476104492906657, 30.968643643357943 ], [ 76.476104494815303, 30.968643399998953 ], [ 76.476104494801959, 30.968582399997651 ], [ 76.47610439693797, 30.96858065943092 ], [ 76.476104104263641, 30.968578935168566 ], [ 76.476103619520515, 30.968577243362212 ], [ 76.476102947249345, 30.968575599859442 ], [ 76.476102093747457, 30.968574020055382 ], [ 76.47610106700985, 30.968572518748459 ], [ 76.476099876654246, 30.968571110001804 ], [ 76.476098533831006, 30.968569807011519 ], [ 76.476097051118742, 30.96856862198306 ], [ 76.47609544240639, 30.968567566016869 ], [ 76.476093722763167, 30.968566649004458 ], [ 76.47609190829742, 30.968565879535735 ], [ 76.476090016005728, 30.968565264818487 ], [ 76.476088063613673, 30.968564810610946 ], [ 76.476086069409817, 30.968564521167774 ], [ 76.47608405207437, 30.968564399200268 ], [ 76.476041152082416, 30.968563599201211 ], [ 76.476041128318585, 30.968563598769709 ], [ 76.475956233162506, 30.96856209885684 ], [ 76.475242338132702, 30.968549198959707 ], [ 76.475240308750699, 30.968549247288241 ], [ 76.475238294390508, 30.968549465094931 ], [ 76.475236314068155, 30.968549850323598 ], [ 76.475234386478419, 30.968550399337616 ], [ 76.4752325298182, 30.968551106954123 ], [ 76.475230761614839, 30.968551966493074 ], [ 76.475229098560646, 30.968552969840179 ], [ 76.475227556355236, 30.968554107523609 ], [ 76.475226149557443, 30.968555368803344 ], [ 76.47522489144778, 30.968556741772574 ], [ 76.47522379390314, 30.968558213470146 ], [ 76.475222867284614, 30.968559770002834 ], [ 76.475222120339737, 30.968561396676591 ], [ 76.475221560119849, 30.968563078135222 ], [ 76.47522119191359, 30.968564798505309 ], [ 76.475221019196923, 30.968566541546132 ], [ 76.475206767321723, 30.968902123980058 ], [ 76.474658150838522, 30.968894797535636 ], [ 76.474382277885738, 30.96889049796221 ], [ 76.474382276126533, 30.96889049800922 ], [ 76.474382274370214, 30.968890497907662 ], [ 76.474189462907603, 30.968887520491975 ], [ 76.474190591514429, 30.96883282005987 ], [ 76.474190591435772, 30.968832817895979 ], [ 76.474190591603033, 30.968832815735936 ] ], [ [ 76.475395761214415, 30.966554499381409 ], [ 76.475395760012617, 30.966554499409391 ], [ 76.475395758813264, 30.966554499335839 ], [ 76.47431815901524, 30.9665340993594 ], [ 76.474318043383761, 30.966534097445781 ], [ 76.473513343534833, 30.966522697462661 ], [ 76.473513342590792, 30.966522697489228 ], [ 76.473513341648513, 30.966522697436016 ], [ 76.472825143260522, 30.966512997471366 ], [ 76.472571944724422, 30.966509397496814 ], [ 76.472571873559076, 30.966509399495969 ], [ 76.472571802478967, 30.966509395891599 ], [ 76.472141189198126, 30.966505799129635 ], [ 76.472045267445722, 30.966501935958842 ], [ 76.47206548834761, 30.965759422402552 ], [ 76.472065435558449, 30.965757653160711 ], [ 76.472065181451171, 30.965755896932365 ], [ 76.472064728481001, 30.96575417068663 ], [ 76.472064081024669, 30.965752491102876 ], [ 76.472063245338049, 30.965750874409661 ], [ 76.472062229495791, 30.965749336227852 ], [ 76.472061043313161, 30.965747891419714 ], [ 76.472059698251385, 30.965746553945344 ], [ 76.472058207306731, 30.965745336727711 ], [ 76.472056584885109, 30.96574425152788 ], [ 76.471980684889232, 30.965698451535449 ], [ 76.471978943539995, 30.965697507321234 ], [ 76.471977102869417, 30.965696715263256 ], [ 76.471975180724641, 30.965696083041298 ], [ 76.471973195742777, 30.965695616785403 ], [ 76.471971167170224, 30.965695321016362 ], [ 76.471969114675986, 30.965695198601964 ], [ 76.471828814702292, 30.965692798604994 ], [ 76.471828809256266, 30.965692798742246 ], [ 76.471828803820699, 30.965692798421291 ], [ 76.470886506290483, 30.965677098479727 ], [ 76.47067290859539, 30.965673498522499 ], [ 76.470670822560763, 30.965673553197497 ], [ 76.470668753261918, 30.96567378692745 ], [ 76.470666721344216, 30.965674197380448 ], [ 76.47066474708005, 30.965674780461406 ], [ 76.470662850166619, 30.965675530352932 ], [ 76.470661049529397, 30.965676439573357 ], [ 76.470659363133308, 30.965677499051434 ], [ 76.470657807803491, 30.965678698216752 ], [ 76.470656399057447, 30.965680025105257 ], [ 76.470577699055653, 30.965762025095071 ], [ 76.470576472154761, 30.965763439289425 ], [ 76.470575411901663, 30.965764950241116 ], [ 76.470574528493216, 30.965766543418781 ], [ 76.470573830425451, 30.965768203500275 ], [ 76.47057332441193, 30.965769914520067 ], [ 76.470573015319189, 30.965771660022654 ], [ 76.470572906119884, 30.96577342322097 ], [ 76.470569567516776, 30.966447987638485 ], [ 76.470480458703605, 30.966476683698055 ], [ 76.469256673196185, 30.966472995217444 ], [ 76.469256670572435, 30.966472995320579 ], [ 76.469256667949494, 30.966472995202171 ], [ 76.46900701467915, 30.966472295337809 ], [ 76.466693651360558, 30.96645687892541 ], [ 76.466431422435889, 30.966028591304624 ], [ 76.466407989916732, 30.965934671573624 ], [ 76.466415830399953, 30.9658578724599 ], [ 76.466434896201918, 30.9658022484134 ], [ 76.46648661066763, 30.965737508834021 ], [ 76.466486763488405, 30.965737314829969 ], [ 76.466508964956461, 30.965708731558774 ], [ 76.466567959679878, 30.965677040917328 ], [ 76.466656942500322, 30.965660538308935 ], [ 76.467359435509707, 30.965671102119924 ], [ 76.467361972650508, 30.965671007253874 ], [ 76.467364477695099, 30.965670647846935 ], [ 76.467471577714761, 30.9656494478449 ], [ 76.467473331923927, 30.965649030533775 ], [ 76.467475037339895, 30.965648483268801 ], [ 76.467476681025218, 30.965647810201613 ], [ 76.467478250510766, 30.965647016438126 ], [ 76.467560750520263, 30.965601016431659 ], [ 76.467562305793621, 30.965600059550603 ], [ 76.467563753106688, 30.965598984221273 ], [ 76.467565080352301, 30.965597799439095 ], [ 76.467566276427732, 30.96559651511507 ], [ 76.467632176423592, 30.965518715105873 ], [ 76.467633238274644, 30.965517331957887 ], [ 76.467634147933637, 30.965515870484055 ], [ 76.467634897682842, 30.965514343083836 ], [ 76.467635481161238, 30.965512762716028 ], [ 76.467635893418461, 30.965511142788788 ], [ 76.467636130956862, 30.965509497045893 ], [ 76.467644430937284, 30.965417597042634 ], [ 76.467644492518119, 30.96541640924022 ], [ 76.467648572800499, 30.965113866356241 ], [ 76.467664218002525, 30.965036778100327 ], [ 76.467709832196633, 30.964961952371485 ], [ 76.468174682886328, 30.964682191176117 ], [ 76.468704958031495, 30.964428420913197 ], [ 76.469230903356745, 30.964213497088515 ], [ 76.469765202666352, 30.964054872313195 ], [ 76.47032028752453, 30.963916874413265 ], [ 76.470776896146987, 30.963832694064568 ], [ 76.471443653525682, 30.963737443022808 ], [ 76.472262416078962, 30.963659788855839 ], [ 76.47301529573943, 30.963649208827793 ], [ 76.473949994726809, 30.963670383902901 ], [ 76.474591798732277, 30.963719791843303 ], [ 76.475513559573599, 30.963832691095011 ], [ 76.476043800911157, 30.963948133601328 ], [ 76.476034712500336, 30.964265555890176 ], [ 76.476034712518896, 30.964265556545101 ], [ 76.476034712462948, 30.964265557198274 ], [ 76.476017112331363, 30.964882057098304 ], [ 76.476017112331348, 30.964882057098507 ], [ 76.476007412305904, 30.965221755394921 ], [ 76.475994212256296, 30.965680453643049 ], [ 76.475994212297635, 30.965680455109258 ], [ 76.475994212172282, 30.965680456571977 ], [ 76.475984812100819, 30.96600925656346 ], [ 76.475984812140553, 30.966009257962963 ], [ 76.475984812021139, 30.966009259359179 ], [ 76.475975812029588, 30.966326056629946 ], [ 76.475968928325827, 30.966565403055007 ], [ 76.475395761214415, 30.966554499381409 ] ], [ [ 76.475522717989136, 30.963797543511202 ], [ 76.47552054005871, 30.96379717413361 ], [ 76.474597140222016, 30.963684074170938 ], [ 76.474596059052757, 30.963683966416717 ], [ 76.4739530591701, 30.963634466437586 ], [ 76.473951748997038, 30.963634401231886 ], [ 76.473015949172179, 30.963613201252976 ], [ 76.47301505925347, 30.963613197427037 ], [ 76.472260759396107, 30.96362379743892 ], [ 76.472258814172491, 30.963623903121615 ], [ 76.471438514328156, 30.963701703121966 ], [ 76.471437382885142, 30.963701837491616 ], [ 76.470769583010565, 30.963797237485814 ], [ 76.470768628906043, 30.963797393497781 ], [ 76.470336516878589, 30.963877057671201 ], [ 76.470343466242355, 30.963507798027429 ], [ 76.4703596402464, 30.963422009503137 ], [ 76.470430290850544, 30.963325582225163 ], [ 76.470978879241059, 30.962986429525628 ], [ 76.471391036847166, 30.962731317656299 ], [ 76.471730383020358, 30.962529109310534 ], [ 76.471731943377634, 30.962528082912833 ], [ 76.471733385068589, 30.962526934851745 ], [ 76.471940385074049, 30.962345834827932 ], [ 76.471941304673834, 30.96234497626369 ], [ 76.47284250466538, 30.961446776150467 ], [ 76.47284338058347, 30.96144584188368 ], [ 76.473683360787078, 30.960486092679609 ], [ 76.473777008395061, 30.960406472446891 ], [ 76.473908151892218, 30.960296907023245 ], [ 76.474089211754759, 30.960207751730703 ], [ 76.47423048577491, 30.960155833036904 ], [ 76.474414131978648, 30.960107206422737 ], [ 76.475299618591279, 30.960107604937562 ], [ 76.475759643330164, 30.96011428353037 ], [ 76.475838329272548, 30.960123950109562 ], [ 76.475936713955377, 30.960148229384245 ], [ 76.47601304905217, 30.960175402760957 ], [ 76.476073919999664, 30.96021173511151 ], [ 76.4761402072225, 30.960265486650705 ], [ 76.476200012689631, 30.960358474534413 ], [ 76.476250943767496, 30.96046675172348 ], [ 76.476268206945491, 30.960577701742572 ], [ 76.476268206841695, 30.961050587873462 ], [ 76.476252609250139, 30.962129704936928 ], [ 76.476209744340025, 30.963947101048021 ], [ 76.476070216402547, 30.963916743154254 ], [ 76.475522717989136, 30.963797543511202 ] ], [ [ 76.468632120916709, 30.969224175628518 ], [ 76.468862562000055, 30.969231193646603 ], [ 76.468864765735745, 30.969231160526775 ], [ 76.468866953162305, 30.969230927561501 ], [ 76.468869099940378, 30.96923049734297 ], [ 76.468917699949031, 30.969218397341582 ], [ 76.468919687594465, 30.96921780762662 ], [ 76.46892159641547, 30.96921704880053 ], [ 76.468923407091353, 30.969216128544012 ], [ 76.468925101294815, 30.969215056171702 ], [ 76.468926661877475, 30.969213842537936 ], [ 76.468959561878506, 30.969185542534191 ], [ 76.468961010701847, 30.969184160137729 ], [ 76.468962286023455, 30.969182656154739 ], [ 76.468963374193706, 30.969181046682223 ], [ 76.468964263565994, 30.969179348946223 ], [ 76.468964944621462, 30.969177581117464 ], [ 76.468965410070851, 30.969175762116837 ], [ 76.469150529596448, 30.96821935939694 ], [ 76.469358602496982, 30.968223487179557 ], [ 76.469329416724676, 30.96951007998765 ], [ 76.46893706969712, 30.969504097937069 ], [ 76.468937067274965, 30.969504098002613 ], [ 76.4689370648573, 30.969504097863766 ], [ 76.468599912374131, 30.969499023668678 ], [ 76.468615949835382, 30.969238505164565 ], [ 76.468632120916709, 30.969224175628518 ] ], [ [ 76.47158908864489, 30.967964259095648 ], [ 76.471588989756867, 30.967963766162953 ], [ 76.47158887734561, 30.967963415277509 ], [ 76.471588788626335, 30.967963059386076 ], [ 76.471588781635845, 30.96796304056635 ], [ 76.47158877677056, 30.967963021255851 ], [ 76.47158859859006, 30.967962545157661 ], [ 76.471588444108136, 30.967962062950939 ], [ 76.47158829232572, 30.967961723249747 ], [ 76.47158816355163, 30.967961376565206 ], [ 76.471588154454011, 30.967961358426365 ], [ 76.471588147415687, 30.967961339619958 ], [ 76.471587915937945, 30.967960880863753 ], [ 76.471587707349812, 30.967960414026791 ], [ 76.471587517657909, 30.967960088781123 ], [ 76.471587350069228, 30.967959754642489 ], [ 76.471587338952261, 30.967959737359539 ], [ 76.471587329808557, 30.967959719238014 ], [ 76.471587047262815, 30.967959282241825 ], [ 76.471586786577319, 30.967958835270558 ], [ 76.471586560802677, 30.967958527612595 ], [ 76.471586356013461, 30.967958209237917 ], [ 76.471586342984125, 30.967958192977154 ], [ 76.471586331823161, 30.967958175715175 ], [ 76.4715860009305, 30.967957764687569 ], [ 76.471585690658173, 30.967957341886525 ], [ 76.471512069587561, 30.967867143910603 ], [ 76.471502778491583, 30.967841520826255 ], [ 76.471621440939089, 30.967640130881126 ], [ 76.471797569198557, 30.967451797644365 ], [ 76.4717987536674, 30.967450398328783 ], [ 76.471799776625119, 30.967448907417015 ], [ 76.471831858999465, 30.96739655365775 ], [ 76.47209402202769, 30.967407810491732 ], [ 76.47243007311053, 30.967623194279344 ], [ 76.472133165603324, 30.967935963340885 ], [ 76.471829547295258, 30.968118431978212 ], [ 76.471827893480409, 30.968119535904201 ], [ 76.471826376057024, 30.968120776798845 ], [ 76.471825010235733, 30.968122142223418 ], [ 76.471823809707473, 30.968123618490953 ], [ 76.471822786506351, 30.968125190803342 ], [ 76.471821950888923, 30.968126843399798 ], [ 76.471808550884091, 30.968157443397246 ], [ 76.47180787928491, 30.968159264157215 ], [ 76.471807435360986, 30.968161135988534 ], [ 76.471792224647032, 30.968248746194583 ], [ 76.471664699714381, 30.968247695888614 ], [ 76.471664499996081, 30.968247695066147 ], [ 76.471643047836224, 30.968247695066534 ], [ 76.471589219273582, 30.967964786898602 ], [ 76.471589214457452, 30.967964767579026 ], [ 76.47158921181213, 30.967964747950628 ], [ 76.47158908864489, 30.967964259095648 ] ], [ [ 76.470149604070656, 30.967367232557887 ], [ 76.470183874024443, 30.967367799524691 ], [ 76.470448149212629, 30.967374896177798 ], [ 76.470450193922375, 30.967374864802402 ], [ 76.470452225279118, 30.967374661334087 ], [ 76.470454223823566, 30.967374287721952 ], [ 76.470456170410742, 30.967373747545018 ], [ 76.470458046393418, 30.967373045977858 ], [ 76.470459833800732, 30.967372189741127 ], [ 76.470461515510252, 30.967371187037077 ], [ 76.470463075412155, 30.967370047471078 ], [ 76.470464498563445, 30.967368781959561 ], [ 76.470465771331092, 30.967367402625417 ], [ 76.470466881522697, 30.967365922681903 ], [ 76.470467818503252, 30.967364356306081 ], [ 76.470468573296984, 30.967362718502958 ], [ 76.470469138673423, 30.9673610249618 ], [ 76.470469509216542, 30.967359291905804 ], [ 76.470469681376812, 30.967357535936678 ], [ 76.470503680830021, 30.96652854486701 ], [ 76.470504574165091, 30.966507359955038 ], [ 76.470590839302886, 30.966479579657477 ], [ 76.4706918168703, 30.966508218774411 ], [ 76.470683314256732, 30.966795681422912 ], [ 76.470674316434952, 30.967036921612682 ], [ 76.470674305651229, 30.967037499999222 ], [ 76.470674305632372, 30.967123699997369 ], [ 76.470674410320584, 30.967125500097989 ], [ 76.470674723337154, 30.967127282160284 ], [ 76.470675241545464, 30.967129028326642 ], [ 76.470675959752668, 30.967130721099124 ], [ 76.470676870761793, 30.967132343514869 ], [ 76.470690270758453, 30.967153443516484 ], [ 76.470691313746869, 30.967154914020821 ], [ 76.47069251511374, 30.967156291859467 ], [ 76.470693863852048, 30.967157564408531 ], [ 76.470695347604462, 30.967158720008776 ], [ 76.470696952776748, 30.967159748072493 ], [ 76.470698664662109, 30.967160639180424 ], [ 76.470700467576108, 30.967161385168165 ], [ 76.470702345000248, 30.967161979200892 ], [ 76.470704279733368, 30.967162415836018 ], [ 76.470735579738616, 30.967168115837588 ], [ 76.470737454181602, 30.967168381140183 ], [ 76.470739348839501, 30.967168498653781 ], [ 76.471227548909681, 30.967179598664323 ], [ 76.471816811509868, 30.96719299538783 ], [ 76.471799138708406, 30.967372831289168 ], [ 76.471763765205523, 30.967430555658179 ], [ 76.471587530799937, 30.967619002330597 ], [ 76.471586254833923, 30.967620522486733 ], [ 76.471585169366435, 30.967622148803301 ], [ 76.471461669340769, 30.96783174878264 ], [ 76.47146084397211, 30.967833334916065 ], [ 76.471460199953057, 30.967834982242646 ], [ 76.471459743286559, 30.967836675407675 ], [ 76.471459478229178, 30.967838398629141 ], [ 76.471459407251558, 30.967840135844884 ], [ 76.47145953101527, 30.967841870862348 ], [ 76.47145984836672, 30.967843587509417 ], [ 76.471460356347905, 30.967845269785219 ], [ 76.471473156340735, 30.967880569786551 ], [ 76.471473905820957, 30.967882314451298 ], [ 76.471474860220212, 30.967883983161467 ], [ 76.47147600934926, 30.96788555810171 ], [ 76.471527434793188, 30.967948562800053 ], [ 76.470110199470867, 30.967909891809537 ], [ 76.470149604070656, 30.967367232557887 ] ], [ [ 76.470742355966436, 30.967132544658522 ], [ 76.470722318049539, 30.967128895582018 ], [ 76.470716094367319, 30.967119095607654 ], [ 76.470716094349299, 30.967037789265309 ], [ 76.470725083513429, 30.966796778377361 ], [ 76.470725087513173, 30.966796658758582 ], [ 76.470733457421261, 30.966513678543137 ], [ 76.472023192068775, 30.966537096086324 ], [ 76.472119448977111, 30.966540972758768 ], [ 76.47211075572767, 30.967126309720339 ], [ 76.472100478946771, 30.967149070367533 ], [ 76.472062446987067, 30.967162502289327 ], [ 76.471840048052911, 30.967157501255379 ], [ 76.47122865112641, 30.967143601336453 ], [ 76.470742355966436, 30.967132544658522 ] ], [ [ 76.470614662026108, 30.965780014191978 ], [ 76.470682173926392, 30.965709671415759 ], [ 76.470869254820713, 30.965712824460649 ], [ 76.470920800154104, 30.965913393043291 ], [ 76.470921363698395, 30.965915156267439 ], [ 76.470922131908978, 30.965916861131571 ], [ 76.470923096859693, 30.965918490045322 ], [ 76.470924248594386, 30.9659200262019 ], [ 76.470925575229728, 30.965921453751598 ], [ 76.470927063077838, 30.965922757965334 ], [ 76.470928696787439, 30.96592392538648 ], [ 76.470930459502313, 30.965924943969881 ], [ 76.470932333035137, 30.965925803206041 ], [ 76.470934298055283, 30.965926494229528 ], [ 76.470936334288112, 30.965927009910548 ], [ 76.470938420724238, 30.965927344928396 ], [ 76.470940535836291, 30.965927495826456 ], [ 76.471732435984265, 30.965949195845027 ], [ 76.471734437437377, 30.965949168015843 ], [ 76.471736426615266, 30.965948975273459 ], [ 76.471738385260977, 30.965948619386907 ], [ 76.471740295397737, 30.965948103622569 ], [ 76.47174213949404, 30.965947432714216 ], [ 76.471743900624432, 30.965946612819533 ], [ 76.47174556262506, 30.965945651463649 ], [ 76.471747110241765, 30.965944557470024 ], [ 76.471748529270315, 30.965943340879519 ], [ 76.471749806686631, 30.965942012858193 ], [ 76.471750930766419, 30.965940585594794 ], [ 76.471751891192696, 30.965939072189016 ], [ 76.471752679150526, 30.965937486531097 ], [ 76.471842804044485, 30.965729054888058 ], [ 76.471961925599473, 30.96573109261044 ], [ 76.472023449132237, 30.965768217488559 ], [ 76.472003500516891, 30.966500720669856 ], [ 76.470716664164982, 30.96647735579781 ], [ 76.470611358798934, 30.966447489241787 ], [ 76.470614662026108, 30.965780014191978 ] ], [ [ 76.470958089752614, 30.965891948842931 ], [ 76.470912240294098, 30.965713543822943 ], [ 76.471798531093825, 30.965728310649713 ], [ 76.471718761662871, 30.965912793099221 ], [ 76.470958089752614, 30.965891948842931 ] ], [ [ 76.465616236764461, 30.969238868730031 ], [ 76.465298427014375, 30.969235488727335 ], [ 76.465277317685207, 30.969098871241076 ], [ 76.465614262630368, 30.969103993870284 ], [ 76.465616236764461, 30.969238868730031 ] ], [ [ 76.466530061748799, 30.969118000877131 ], [ 76.4665300981207, 30.969117999995841 ], [ 76.466530134426264, 30.969118002081967 ], [ 76.466747026993872, 30.969121272313753 ], [ 76.466817992231313, 30.969184124804126 ], [ 76.466816517285949, 30.969235010036307 ], [ 76.465793663428187, 30.969240794430277 ], [ 76.465658036114732, 30.969239318335131 ], [ 76.465656064054031, 30.969104589164544 ], [ 76.466159519221208, 30.969111301909365 ], [ 76.466530061748799, 30.969118000877131 ] ], [ [ 76.467417053693637, 30.969225961669636 ], [ 76.467419085066865, 30.969225997794418 ], [ 76.467421110907921, 30.969225863738995 ], [ 76.467423112061255, 30.969225560770926 ], [ 76.467425069604687, 30.969225091754971 ], [ 76.467426965028451, 30.969224461125958 ], [ 76.467428780410145, 30.969223674846887 ], [ 76.467430498584221, 30.969222740352507 ], [ 76.467432103304276, 30.969221666479029 ], [ 76.467433579396683, 30.969220463380605 ], [ 76.467434912904096, 30.969219142433246 ], [ 76.467436091217394, 30.969217716127361 ], [ 76.467437103194882, 30.969216197949528 ], [ 76.467437939267711, 30.969214602255036 ], [ 76.467438591530296, 30.969212944132195 ], [ 76.467439053815113, 30.969211239259565 ], [ 76.467511030224699, 30.968872126663729 ], [ 76.46768973649192, 30.968876404639985 ], [ 76.467671404588216, 30.9689551377462 ], [ 76.467644908315137, 30.969031400037917 ], [ 76.467495543345905, 30.969336394833114 ], [ 76.46741815178413, 30.969459546740612 ], [ 76.467329845478758, 30.969447644951089 ], [ 76.467029757788268, 30.969318144892096 ], [ 76.466858115554359, 30.96924205703829 ], [ 76.466859451158598, 30.969195978345546 ], [ 76.467112813249159, 30.969207771204019 ], [ 76.467417053693637, 30.969225961669636 ] ], [ [ 76.46630089740637, 30.968313895536024 ], [ 76.466142468249529, 30.969075060590544 ], [ 76.465635245941144, 30.969068297635744 ], [ 76.465271736674438, 30.96906277115815 ], [ 76.465119197839101, 30.968076817999169 ], [ 76.465545583255377, 30.968080603853124 ], [ 76.466342657735353, 30.968087785593251 ], [ 76.46630089740637, 30.968313895536024 ] ], [ [ 76.466184782824172, 30.969075741057505 ], [ 76.466331969957295, 30.968368586318174 ], [ 76.466405989088301, 30.968479190468344 ], [ 76.466506318817878, 30.969081554033675 ], [ 76.466184782824172, 30.969075741057505 ] ], [ [ 76.467192154612547, 30.968150192646025 ], [ 76.467194625307442, 30.968150524264633 ], [ 76.46761804282535, 30.968185160622518 ], [ 76.467473163842072, 30.968850378974086 ], [ 76.467473157271073, 30.968850420219876 ], [ 76.467473146257248, 30.968850460756354 ], [ 76.467401307557296, 30.969188923945246 ], [ 76.467115546361455, 30.969171838339204 ], [ 76.467115226987573, 30.969171821359843 ], [ 76.46684838151333, 30.969159400920848 ], [ 76.466770976206121, 30.969090844607283 ], [ 76.466769483442746, 30.969089645634497 ], [ 76.466767862068494, 30.969088577856809 ], [ 76.466766127548752, 30.969087651459127 ], [ 76.46676429642811, 30.969086875277853 ], [ 76.466762386172576, 30.969086256716519 ], [ 76.466760415002994, 30.969085801675234 ], [ 76.466758401721236, 30.969085514494385 ], [ 76.466756365530827, 30.969085397913201 ], [ 76.46654865506035, 30.969082266140507 ], [ 76.466446782634449, 30.968470642077659 ], [ 76.466446407130832, 30.968468960687424 ], [ 76.46644584797329, 30.968467317636751 ], [ 76.466445110218729, 30.968465727785109 ], [ 76.466444200539286, 30.968464205510799 ], [ 76.466343298206624, 30.968313430847722 ], [ 76.466384902524112, 30.968088165106849 ], [ 76.466867932991775, 30.968092487324601 ], [ 76.466995234050543, 30.968113245072345 ], [ 76.467192154612547, 30.968150192646025 ] ], [ [ 76.467715836222894, 30.968383735564775 ], [ 76.467721779952825, 30.968623666252991 ], [ 76.467694940425034, 30.968826055842356 ], [ 76.467694808247259, 30.968827798784272 ], [ 76.467694561686201, 30.968840496535801 ], [ 76.46751875165198, 30.968836287897737 ], [ 76.467659818211644, 30.96818857320984 ], [ 76.467678599257027, 30.968190104868256 ], [ 76.467689251217536, 30.968218809843911 ], [ 76.467715836222894, 30.968383735564775 ] ], [ [ 76.466872058950671, 30.968056582782403 ], [ 76.466870216913435, 30.968056496124095 ], [ 76.466367317762405, 30.968051996140915 ], [ 76.46556697535685, 30.968044784985771 ], [ 76.465591803955093, 30.966459349350387 ], [ 76.466668286820891, 30.966492425659311 ], [ 76.466943077782815, 30.966931895414813 ], [ 76.467362831797033, 30.967612421089296 ], [ 76.467531602686961, 30.96788848285308 ], [ 76.467654057401674, 30.968124148638612 ], [ 76.467664725391742, 30.96815280277329 ], [ 76.467644771672425, 30.968151175480042 ], [ 76.46719982157272, 30.968114777734623 ], [ 76.467003845418233, 30.968078007363751 ], [ 76.467003284915975, 30.968077909102409 ], [ 76.466873884938053, 30.968056809108532 ], [ 76.466872058950671, 30.968056582782403 ] ], [ [ 76.468443313240257, 30.969249124220063 ], [ 76.468412013233134, 30.969202224223832 ], [ 76.468410894089061, 30.96920072440718 ], [ 76.468409608271003, 30.969199327332696 ], [ 76.468408168389956, 30.969198046702545 ], [ 76.468406588567944, 30.969196895076859 ], [ 76.46840488429946, 30.969195883750501 ], [ 76.468403072299623, 30.969195022642317 ], [ 76.468401170340044, 30.969194320197857 ], [ 76.468399197074717, 30.969193783306515 ], [ 76.468397171856978, 30.969193417233996 ], [ 76.468395114549637, 30.969193225570653 ], [ 76.468393045330288, 30.969193210196277 ], [ 76.468156344489799, 30.969201559785692 ], [ 76.468127868852179, 30.969184240357983 ], [ 76.468101417053333, 30.969157044608444 ], [ 76.467949485595057, 30.968262580232533 ], [ 76.467968753178809, 30.968211871797877 ], [ 76.468016002324376, 30.96819638283878 ], [ 76.469108327186646, 30.968218512046608 ], [ 76.468925292983442, 30.969164139153229 ], [ 76.468900939662845, 30.969185087447865 ], [ 76.468860704532361, 30.969195104836597 ], [ 76.468624338043966, 30.969187906359078 ], [ 76.46862240097451, 30.969187924792561 ], [ 76.468620474211221, 30.969188097730765 ], [ 76.468618574315428, 30.969188423687214 ], [ 76.468616717617564, 30.969188899860178 ], [ 76.46861492007676, 30.969189522156732 ], [ 76.468613197143654, 30.969190285227974 ], [ 76.468611563627604, 30.969191182514969 ], [ 76.468610033569362, 30.969192206305152 ], [ 76.468608620120477, 30.969193347798619 ], [ 76.468580520121137, 30.969218247795375 ], [ 76.46857910653172, 30.969219636305457 ], [ 76.46857786546984, 30.969221142304161 ], [ 76.468576809996662, 30.969222749942045 ], [ 76.468575951220146, 30.969224442300096 ], [ 76.468575298178209, 30.969226201567654 ], [ 76.46857485774359, 30.969228009229887 ], [ 76.468574634551516, 30.969229846262682 ], [ 76.468558102636379, 30.969498395004713 ], [ 76.468458123932407, 30.969496893180516 ], [ 76.46844607519327, 30.969257320460052 ], [ 76.468445893182732, 30.96925560491588 ], [ 76.468445521734836, 30.969253912213137 ], [ 76.468444964250011, 30.969252257847856 ], [ 76.46844422583186, 30.969250656965031 ], [ 76.468443313240257, 30.969249124220063 ] ], [ [ 76.470185050836093, 30.967331803828316 ], [ 76.470184801076186, 30.967331798408942 ], [ 76.470130506075776, 30.967330900147061 ], [ 76.469262712799249, 30.967309022270182 ], [ 76.469277170211811, 30.966509067002349 ], [ 76.470462535485993, 30.966512639728172 ], [ 76.470461919548242, 30.966527246176295 ], [ 76.470428653548197, 30.967338345368681 ], [ 76.470185050836093, 30.967331803828316 ] ], [ [ 76.4711041387162, 30.968283704934947 ], [ 76.471625300004533, 30.968283704933093 ], [ 76.471664400142288, 30.968283704933832 ], [ 76.471810000312502, 30.968284904114249 ], [ 76.471810002589223, 30.968284904036658 ], [ 76.471810004863883, 30.968284904151307 ], [ 76.472200273693872, 30.968288044376557 ], [ 76.472217799393292, 30.968300578940216 ], [ 76.472217606686328, 30.968315995218937 ], [ 76.472215806808933, 30.968445484361656 ], [ 76.472215807220564, 30.968445493915269 ], [ 76.472215806555255, 30.968445503458145 ], [ 76.472211306742537, 30.968800682547961 ], [ 76.472210256620457, 30.968869027058354 ], [ 76.472196862361599, 30.968876363135941 ], [ 76.47158832437475, 30.968863200739438 ], [ 76.471588201203986, 30.968863198388107 ], [ 76.471077341146852, 30.968854743312825 ], [ 76.47108829424414, 30.968291652809956 ], [ 76.4711041387162, 30.968283704934947 ] ], [ [ 76.469701370098164, 30.969546687132905 ], [ 76.469656560048307, 30.970218076440563 ], [ 76.46924304548574, 30.970221895992662 ], [ 76.469258387989939, 30.969708063089467 ], [ 76.469258342085212, 30.9697063206264 ], [ 76.469258100876417, 30.969704590151917 ], [ 76.469257666623847, 30.969702887881709 ], [ 76.469257043396752, 30.969701229767164 ], [ 76.469256237035182, 30.969699631345918 ], [ 76.469255255095305, 30.969698107596223 ], [ 76.469254106778521, 30.969696672796601 ], [ 76.469252802845347, 30.969695340392075 ], [ 76.469251355514487, 30.969694122868155 ], [ 76.469249778348384, 30.969693031633824 ], [ 76.469248086126115, 30.969692076914683 ], [ 76.469246294704931, 30.969691267657048 ], [ 76.469244420871604, 30.969690611444211 ], [ 76.469242482185194, 30.969690114425312 ], [ 76.469240496812475, 30.969689781257742 ], [ 76.469238483357657, 30.969689615063494 ], [ 76.468957865176321, 30.969678222250622 ], [ 76.468957626608088, 30.96954042676494 ], [ 76.469349530379858, 30.969546402071632 ], [ 76.469349705502694, 30.96954639733223 ], [ 76.469349880492913, 30.969546404881054 ], [ 76.469701370098164, 30.969546687132905 ] ], [ [ 76.469216085939891, 30.969724755492187 ], [ 76.4692012301321, 30.970222280975854 ], [ 76.46895905515386, 30.970224502788984 ], [ 76.468957936319569, 30.969714274850109 ], [ 76.469216085939891, 30.969724755492187 ] ], [ [ 76.471213828152543, 30.969010371097372 ], [ 76.471741440261653, 30.969018838607234 ], [ 76.471756307763044, 30.969035830040749 ], [ 76.471756397384098, 30.969246011600635 ], [ 76.471169080558738, 30.969240882614056 ], [ 76.471176684679293, 30.969040043245432 ], [ 76.471195002437341, 30.969017019339439 ], [ 76.471213828152543, 30.969010371097372 ] ], [ [ 76.473492970458963, 30.966558425067845 ], [ 76.473517273565221, 30.967045699838309 ], [ 76.47271119780639, 30.967034878770129 ], [ 76.472718965124287, 30.96669030598181 ], [ 76.472835453979357, 30.96654915753205 ], [ 76.473492970458963, 30.966558425067845 ] ], [ [ 76.472698398249662, 30.966653092905858 ], [ 76.472612027432021, 30.966545982202792 ], [ 76.47278476905916, 30.966548438248061 ], [ 76.472698398249662, 30.966653092905858 ] ], [ [ 76.473141041093953, 30.968806631217507 ], [ 76.47225320576797, 30.968792236507081 ], [ 76.472257366019278, 30.968463848340058 ], [ 76.473151776851083, 30.968470029362091 ], [ 76.473141041093953, 30.968806631217507 ] ], [ [ 76.47317267485306, 30.968470173675183 ], [ 76.474156038562541, 30.968476958934914 ], [ 76.474148992149523, 30.96882315634155 ], [ 76.47316193290709, 30.968806971874056 ], [ 76.47316346308007, 30.968758995510555 ], [ 76.47317267485306, 30.968470173675183 ] ], [ [ 76.475356051146221, 30.96803345605521 ], [ 76.475341718847972, 30.968062660028814 ], [ 76.475317929598262, 30.968074896452936 ], [ 76.473608933557827, 30.968045733362104 ], [ 76.473559975179754, 30.967063227591602 ], [ 76.473559975142024, 30.967063227239176 ], [ 76.473559975144539, 30.967063226885401 ], [ 76.473534827149606, 30.966559016624675 ], [ 76.47431729879743, 30.966570101735247 ], [ 76.475374183207919, 30.966590109588434 ], [ 76.475356051146221, 30.96803345605521 ] ], [ [ 76.473306905311063, 30.970994504958785 ], [ 76.473303931055938, 30.971102997819436 ], [ 76.473300710546937, 30.971220473362255 ], [ 76.473298510570814, 30.971300171866368 ], [ 76.473298567571305, 30.971301996083195 ], [ 76.473298838576497, 30.971303805958538 ], [ 76.473299320802454, 30.971305582900133 ], [ 76.473300009295428, 30.971307308654037 ], [ 76.473315492674075, 30.97134053704367 ], [ 76.472925145309262, 30.971336343304131 ], [ 76.472947153753921, 30.971295479295904 ], [ 76.472947955309678, 30.971293765867543 ], [ 76.472948548886009, 30.97129199068468 ], [ 76.47294892823389, 30.971290172436031 ], [ 76.472949089359645, 30.971288330263722 ], [ 76.472953289237793, 30.971136933466052 ], [ 76.472957383823299, 30.970991485540367 ], [ 76.473120652273806, 30.970994500821639 ], [ 76.473121099980247, 30.970994504955371 ], [ 76.473306905311063, 30.970994504958785 ] ], [ [ 76.476056808427373, 30.969019821165986 ], [ 76.476059422358261, 30.969146075312146 ], [ 76.475685061846761, 30.96914049769407 ], [ 76.4752504742236, 30.96913400137262 ], [ 76.475247798987283, 30.968920632103202 ], [ 76.475262028509221, 30.968585572730209 ], [ 76.475955362000562, 30.968598101055722 ], [ 76.475955366857704, 30.968598101141538 ], [ 76.475955371664881, 30.968598101228402 ], [ 76.476040259799518, 30.96859960102033 ], [ 76.476062705195147, 30.968600019584674 ], [ 76.476062705185157, 30.968643278312609 ], [ 76.476056807011886, 30.969019256629718 ], [ 76.476056808427373, 30.969019821165986 ] ], [ [ 76.47670324767877, 30.966579298233242 ], [ 76.476710234634055, 30.966353988905528 ], [ 76.477896286569447, 30.966370410887585 ], [ 76.477889726588671, 30.966597073778583 ], [ 76.477307864788955, 30.96659079748397 ], [ 76.477282067981605, 30.966590299476561 ], [ 76.477282064329756, 30.966590299560565 ], [ 76.477282060685809, 30.966590299336811 ], [ 76.47670324767877, 30.966579298233242 ] ], [ [ 76.477905290665888, 30.966057483321787 ], [ 76.477897325297846, 30.966334410517927 ], [ 76.476711347932252, 30.966317989611788 ], [ 76.476719936721523, 30.966039516073817 ], [ 76.477905290665888, 30.966057483321787 ] ], [ [ 76.47791429541266, 30.965744202413013 ], [ 76.47790811216143, 30.965958953407352 ], [ 76.477908112202059, 30.965958954849132 ], [ 76.477908112078794, 30.965958956287164 ], [ 76.477906323357089, 30.966021483299308 ], [ 76.476721014298988, 30.966003516775114 ], [ 76.476729363601052, 30.965715996628788 ], [ 76.47791429541266, 30.965744202413013 ] ], [ [ 76.477969771465069, 30.965270526021257 ], [ 76.478493521605259, 30.965278702112002 ], [ 76.478495564914923, 30.965278647812795 ], [ 76.478497592286899, 30.965278421705253 ], [ 76.478499584313866, 30.965278025953843 ], [ 76.478501521926816, 30.965277464346954 ], [ 76.478503386577628, 30.965276742260649 ], [ 76.478505160416617, 30.965275866607243 ], [ 76.47850682646343, 30.965274845769038 ], [ 76.478508368769553, 30.965273689518192 ], [ 76.478509772571044, 30.965272408923095 ], [ 76.47851102442975, 30.965271016242468 ], [ 76.478512112362068, 30.965269524807983 ], [ 76.478513025953617, 30.965267948896596 ], [ 76.478513756458881, 30.96526630359401 ], [ 76.478514296884995, 30.965264604650127 ], [ 76.47851464205867, 30.965262868328374 ], [ 76.478514788675653, 30.965261111249973 ], [ 76.478525008408312, 30.964875638344285 ], [ 76.478588931553887, 30.964905423812731 ], [ 76.479104519615916, 30.965147566802322 ], [ 76.479376407363688, 30.96533356432791 ], [ 76.479415720109699, 30.96540938846449 ], [ 76.479618721028672, 30.966078942838372 ], [ 76.479685145151237, 30.966321635067594 ], [ 76.479720056481085, 30.96653418666774 ], [ 76.479730479787975, 30.966621209328455 ], [ 76.479507701550489, 30.966616600107098 ], [ 76.479507521843857, 30.96661659705525 ], [ 76.479008850049595, 30.966609976253562 ], [ 76.479014989367144, 30.966368494356683 ], [ 76.479014989316056, 30.966368492737512 ], [ 76.47901498944907, 30.966368491121539 ], [ 76.479024689365389, 30.965983791111796 ], [ 76.479024634670935, 30.9659820407539 ], [ 76.479024382931485, 30.965980303251158 ], [ 76.479023936527952, 30.965978595036091 ], [ 76.479023299682183, 30.965976932264233 ], [ 76.479022478417207, 30.96597533066133 ], [ 76.47902148050018, 30.965973805374624 ], [ 76.479020315368956, 30.965972370829583 ], [ 76.479018994042846, 30.965971040593502 ], [ 76.479017529018364, 30.965969827247125 ], [ 76.479015934151022, 30.965968742265751 ], [ 76.479014224524377, 30.96596779591065 ], [ 76.479012416307327, 30.965966997132 ], [ 76.479010526601144, 30.965966353484294 ], [ 76.479008573277824, 30.965965871054852 ], [ 76.479006574811024, 30.965965554406278 ], [ 76.479004550101322, 30.965965406533314 ], [ 76.478824001028642, 30.965959817400279 ], [ 76.478684351326521, 30.965951438420536 ], [ 76.478682718558645, 30.965951395611885 ], [ 76.47845607167055, 30.965953091477438 ], [ 76.478281024256759, 30.965946412564495 ], [ 76.478280428942568, 30.965946397171766 ], [ 76.478133042999445, 30.965944397365188 ], [ 76.47795041009995, 30.96594170763511 ], [ 76.47795658777099, 30.965727147196137 ], [ 76.477969771465069, 30.965270526021257 ] ], [ [ 76.476709576988213, 30.965679501838192 ], [ 76.476709522682597, 30.965679500603194 ], [ 76.476036504179646, 30.965663400091042 ], [ 76.476048673089537, 30.965240527267945 ], [ 76.476704320151214, 30.965250802056488 ], [ 76.47670432109301, 30.965250802031395 ], [ 76.476704322033243, 30.965250802085908 ], [ 76.47792798911658, 30.965269874287497 ], [ 76.477915333368401, 30.965708203277352 ], [ 76.476709577061811, 30.965679501836831 ], [ 76.476709576988213, 30.965679501838192 ] ], [ [ 76.476733289762691, 30.964904163048651 ], [ 76.476733289749276, 30.964904162648949 ], [ 76.47673328978135, 30.964904162250175 ], [ 76.47674798964438, 30.964274662234416 ], [ 76.476747989586471, 30.964274660512384 ], [ 76.476747989724345, 30.964274658793698 ], [ 76.476750807245878, 30.964152841271854 ], [ 76.476787017249762, 30.964164213477211 ], [ 76.477617298849864, 30.964452421148959 ], [ 76.477933326598716, 30.964599695292794 ], [ 76.477928640909411, 30.965233868447662 ], [ 76.476726012016528, 30.965215124193524 ], [ 76.476733289762691, 30.964904163048651 ] ], [ [ 76.476684230644722, 30.965214471211773 ], [ 76.476049705019051, 30.965204527445117 ], [ 76.476058367479979, 30.964901160389068 ], [ 76.476691095807638, 30.964921144257971 ], [ 76.476684230644722, 30.965214471211773 ] ], [ [ 76.476077008203063, 30.964248257739143 ], [ 76.476085342355063, 30.963957174297242 ], [ 76.476223948423453, 30.963987331620508 ], [ 76.476709312701956, 30.964139808181237 ], [ 76.476706624320997, 30.964256040026605 ], [ 76.476077008203063, 30.964248257739143 ] ], [ [ 76.476705787550543, 30.964292043455892 ], [ 76.476691937589138, 30.964885136601048 ], [ 76.476059395375174, 30.964865158633454 ], [ 76.476075978926772, 30.964284258765915 ], [ 76.476705787550543, 30.964292043455892 ] ], [ [ 76.476010707080576, 30.966566195602258 ], [ 76.476017075059744, 30.966344777566096 ], [ 76.476668448627805, 30.966353422466707 ], [ 76.4766614685756, 30.966578506024419 ], [ 76.476010707080576, 30.966566195602258 ] ], [ [ 76.476035471636308, 30.965699399301553 ], [ 76.476687591090581, 30.965714999807698 ], [ 76.476679231960247, 30.966002854080859 ], [ 76.476027105268429, 30.965992046401542 ], [ 76.476035471636308, 30.965699399301553 ] ], [ [ 76.476026079305669, 30.966028046093857 ], [ 76.476678153900991, 30.966038852933647 ], [ 76.476669836620474, 30.966308519555685 ], [ 76.476669562015744, 30.96631742291396 ], [ 76.476018104059392, 30.966308776917234 ], [ 76.476026079305669, 30.966028046093857 ] ], [ [ 76.477623413882469, 30.96886622188164 ], [ 76.477623562088453, 30.968867902933717 ], [ 76.477630576657106, 30.96891693413539 ], [ 76.47647043645928, 30.968918859796545 ], [ 76.476475953378028, 30.968625124696509 ], [ 76.477615891835583, 30.968642694907032 ], [ 76.477623413882469, 30.96886622188164 ] ], [ [ 76.476461025675704, 30.968445589754356 ], [ 76.476476325170935, 30.968397377653499 ], [ 76.477646533151201, 30.968402696362581 ], [ 76.477623602281483, 30.968545532735426 ], [ 76.477623490491126, 30.968546374575684 ], [ 76.477617144728001, 30.968606698373293 ], [ 76.476474679742907, 30.968589089262498 ], [ 76.476461025675704, 30.968445589754356 ] ], [ [ 76.476485088022812, 30.968217356173927 ], [ 76.476485090706049, 30.968217253347998 ], [ 76.476487683281519, 30.968103438195236 ], [ 76.477404325916226, 30.968113803490368 ], [ 76.47740448019043, 30.968113804743464 ], [ 76.477737707467597, 30.968115450767947 ], [ 76.477671318490408, 30.968252462659436 ], [ 76.477670695017409, 30.968253924103962 ], [ 76.477670220407646, 30.968255426501056 ], [ 76.477669898210578, 30.968256958614727 ], [ 76.477667200235615, 30.968273945841784 ], [ 76.477652309702265, 30.968366712029727 ], [ 76.476481713246855, 30.968361391597909 ], [ 76.476484889454966, 30.968224107531306 ], [ 76.476485088022812, 30.968217356173927 ] ], [ [ 76.477848135383269, 30.967811674362512 ], [ 76.477849709600093, 30.967863767004278 ], [ 76.477784425795235, 30.968019060288388 ], [ 76.477755116670807, 30.968079526079791 ], [ 76.477404796948917, 30.968077795637647 ], [ 76.476488515338204, 30.968067434458224 ], [ 76.476494871397236, 30.967796240080933 ], [ 76.477848135383269, 30.967811674362512 ] ], [ [ 76.477274486931663, 30.967543804789173 ], [ 76.477529627010156, 30.967547967920733 ], [ 76.477592531693773, 30.967559928029274 ], [ 76.477642362061587, 30.967589377330572 ], [ 76.47779333822902, 30.967743217036116 ], [ 76.477823902707328, 30.967775384733862 ], [ 76.476495712763352, 30.967760236476053 ], [ 76.476500778647576, 30.967542830883648 ], [ 76.477274486931663, 30.967543804789173 ] ], [ [ 76.478458120639758, 30.970582460627437 ], [ 76.478452193248103, 30.970857594974504 ], [ 76.477431520398881, 30.970847698607653 ], [ 76.477435065797152, 30.97056574590987 ], [ 76.478458120639758, 30.970582460627437 ] ], [ [ 76.478458894341884, 30.970546456687718 ], [ 76.477435518864695, 30.970529736769073 ], [ 76.477439266029606, 30.970232099647824 ], [ 76.478465321678513, 30.970246606633189 ], [ 76.478458894341884, 30.970546456687718 ] ], [ [ 76.478466094048301, 30.970210602596623 ], [ 76.477439721955918, 30.970196091174767 ], [ 76.477443063280347, 30.9699337047753 ], [ 76.478471721234484, 30.969948501480573 ], [ 76.478466094048301, 30.970210602596623 ] ], [ [ 76.477823545436195, 30.968031732401208 ], [ 76.477890345410472, 30.967872832388348 ], [ 76.477890923482235, 30.967871226910152 ], [ 76.477891325278449, 30.967869581973712 ], [ 76.477891547296935, 30.967867911916912 ], [ 76.477891587602485, 30.9678662312966 ], [ 76.477889387586472, 30.967793431295416 ], [ 76.47788934139237, 30.96779290241345 ], [ 76.477889319325953, 30.967792372376515 ], [ 76.477889302444666, 30.967792264497167 ], [ 76.477889296390998, 30.967792155766755 ], [ 76.477889255019178, 30.967791913516315 ], [ 76.477889233692707, 30.967791669347022 ], [ 76.477889127561809, 30.967791146913239 ], [ 76.47788904531113, 30.967790621292533 ], [ 76.477889016240113, 30.967790515358541 ], [ 76.477888997847728, 30.967790407662932 ], [ 76.477888929119644, 30.967790170073275 ], [ 76.477888880122151, 30.967789928881057 ], [ 76.477888715076631, 30.967789417927062 ], [ 76.477888573433745, 30.967788901784299 ], [ 76.477888532452951, 30.967788798815803 ], [ 76.477888501898988, 30.967788693192233 ], [ 76.477888406476509, 30.967788462551475 ], [ 76.477888330279882, 30.96778822665916 ], [ 76.477888107909351, 30.967787732105954 ], [ 76.477887908238259, 30.967787230411638 ], [ 76.477887855742338, 30.967787131400254 ], [ 76.477887813321061, 30.967787028865956 ], [ 76.477887692123133, 30.96778680739526 ], [ 76.477887589461218, 30.967786579074652 ], [ 76.477887311907082, 30.967786105684628 ], [ 76.477887056130854, 30.967785623270764 ], [ 76.477886992625329, 30.967785529169973 ], [ 76.477886938745314, 30.967785430712471 ], [ 76.477886792939316, 30.967785220545014 ], [ 76.477886664800664, 30.967785001994649 ], [ 76.477886334735658, 30.967784554326503 ], [ 76.477886025317801, 30.967784095839335 ], [ 76.477885951414436, 30.967784007555593 ], [ 76.477885886594436, 30.967783914122858 ], [ 76.477885717584371, 30.967783717282391 ], [ 76.477885565203181, 30.967783510607337 ], [ 76.477885185806386, 30.967783092972894 ], [ 76.47788482572642, 30.967782662827332 ], [ 76.477884742136752, 30.967782581210646 ], [ 76.477884667001192, 30.967782493702725 ], [ 76.477825566995776, 30.967720293709736 ], [ 76.477825354508568, 30.967720073668758 ], [ 76.477672454496187, 30.967564273686811 ], [ 76.477671188829035, 30.967563094922696 ], [ 76.477669806307588, 30.967562018027088 ], [ 76.477668317930238, 30.967561051567035 ], [ 76.477612817933476, 30.967528251572528 ], [ 76.477611111874594, 30.967527343830962 ], [ 76.477609312699499, 30.96752658118173 ], [ 76.477607436976101, 30.967525970647724 ], [ 76.477605501977152, 30.967525517851151 ], [ 76.477536601988589, 30.967512417854714 ], [ 76.477534560851083, 30.967512120265585 ], [ 76.477532495557895, 30.96751199818376 ], [ 76.477295727880659, 30.967508134846035 ], [ 76.477302356385138, 30.966626710260595 ], [ 76.477307032022608, 30.966626800523954 ], [ 76.477307238416472, 30.966626803629474 ], [ 76.477909836458679, 30.9666333036193 ], [ 76.477909837608109, 30.966633303631792 ], [ 76.47790983852974, 30.966633303641732 ], [ 76.478651793984781, 30.96664136627685 ], [ 76.47864163953038, 30.966794573332972 ], [ 76.478641609511456, 30.966795248726569 ], [ 76.478632209421093, 30.967210348716218 ], [ 76.478632207056208, 30.9672109236712 ], [ 76.4786416069132, 30.967862923658867 ], [ 76.478641620266458, 30.967863381332208 ], [ 76.478659585336842, 30.968272184284562 ], [ 76.477713554727913, 30.968258756647771 ], [ 76.477788280966877, 30.968104538400862 ], [ 76.477823180444986, 30.968032539449261 ], [ 76.477823545436195, 30.968031732401208 ] ], [ [ 76.4784557531475, 30.966378502398346 ], [ 76.478455757467884, 30.966378502642481 ], [ 76.478972750453423, 30.966385805898586 ], [ 76.478967065155672, 30.966609425692138 ], [ 76.478674217003572, 30.96660559700673 ], [ 76.478674190182716, 30.966605597790874 ], [ 76.47867416339723, 30.966605596365081 ], [ 76.477931515300327, 30.966597526230487 ], [ 76.477938071148373, 30.966371002721317 ], [ 76.478455748820082, 30.966378502518758 ], [ 76.4784557531475, 30.966378502398346 ] ], [ [ 76.47794758793934, 30.966040243711532 ], [ 76.477949376888787, 30.965977707784397 ], [ 76.478132342970724, 30.965980402428123 ], [ 76.47813237102919, 30.965980402825103 ], [ 76.478279473272366, 30.965982398787855 ], [ 76.478434823402395, 30.965988326158808 ], [ 76.478435186820889, 30.966342189416945 ], [ 76.477939109800644, 30.966335002574702 ], [ 76.477947587870034, 30.966040246127061 ], [ 76.477947587835928, 30.966040244917984 ], [ 76.47794758793934, 30.966040243711532 ] ], [ [ 76.478451424917921, 30.970893599911175 ], [ 76.478445469214989, 30.971175347655191 ], [ 76.47842937698843, 30.971188299933907 ], [ 76.477434243253356, 30.97117685254522 ], [ 76.477427337620313, 30.971173823759351 ], [ 76.477431062830405, 30.970883706520087 ], [ 76.478451424917921, 30.970893599911175 ] ], [ [ 76.478473486316062, 30.965242373352709 ], [ 76.477970425158446, 30.965234520208657 ], [ 76.477974971900082, 30.964619114441007 ], [ 76.47832758565167, 30.964783573612284 ], [ 76.478483719622915, 30.964856394548512 ], [ 76.478473486316062, 30.965242373352709 ] ], [ [ 76.479757352696893, 30.966657427825425 ], [ 76.479759385513006, 30.966657025703125 ], [ 76.479761361678115, 30.966656450945923 ], [ 76.479763261501546, 30.966655709280765 ], [ 76.47976506605329, 30.966654808097683 ], [ 76.479766757352593, 30.966653756376122 ], [ 76.479768318547215, 30.966652564595559 ], [ 76.479769734081259, 30.966651244630999 ], [ 76.479770989850223, 30.966649809634678 ], [ 76.479772073341522, 30.966648273905054 ], [ 76.47977297375914, 30.966646652744274 ], [ 76.479773682131238, 30.966644962305725 ], [ 76.479774191399557, 30.966643219433099 ], [ 76.479774496489711, 30.966641441492541 ], [ 76.479774594361757, 30.966639646199617 ], [ 76.479774484040504, 30.966637851442769 ], [ 76.479761584016757, 30.966530151442591 ], [ 76.479761488239333, 30.966529476773196 ], [ 76.479726388192503, 30.966315776774373 ], [ 76.479726036425475, 30.966314166887621 ], [ 76.479659336373729, 30.966070466893285 ], [ 76.479659215757437, 30.96607004866712 ], [ 76.479462682795429, 30.965421828376385 ], [ 76.480767125195783, 30.965442002209148 ], [ 76.48076901529582, 30.965441957695052 ], [ 76.480770892986783, 30.965441766121671 ], [ 76.480772742891887, 30.965441429057847 ], [ 76.480774549861849, 30.965440949263865 ], [ 76.480776299099006, 30.965440330668851 ], [ 76.481145079264181, 30.965292779217531 ], [ 76.481224180132173, 30.96530251586973 ], [ 76.481174683451442, 30.965795548153132 ], [ 76.481174632137709, 30.965796194521324 ], [ 76.481019392769852, 30.96845270235962 ], [ 76.480596998592077, 30.968337632420553 ], [ 76.480595201821757, 30.968337217759732 ], [ 76.480593369375157, 30.968336942435634 ], [ 76.480591515774179, 30.968336808630145 ], [ 76.478701447732007, 30.968273159678031 ], [ 76.478683389786966, 30.967862247427899 ], [ 76.478673997089174, 30.967210763819132 ], [ 76.478683382836678, 30.966796289209668 ], [ 76.478693617900717, 30.96664186492951 ], [ 76.478987180577377, 30.966645702967334 ], [ 76.479506788294799, 30.966652601751811 ], [ 76.479753198495061, 30.966657699898299 ], [ 76.479755283484977, 30.966657653306058 ], [ 76.479757352696893, 30.966657427825425 ] ], [ [ 76.478973662022554, 30.966349803794341 ], [ 76.478476976175926, 30.966342787423443 ], [ 76.478476612628398, 30.965988949265455 ], [ 76.478682264085023, 30.96598741050456 ], [ 76.478821448698255, 30.965995761583468 ], [ 76.478822149864186, 30.965995793462248 ], [ 76.478982463148981, 30.966000756188858 ], [ 76.478973662022554, 30.966349803794341 ] ], [ [ 76.47923338464291, 30.969959983142864 ], [ 76.479225244569065, 30.970195591488817 ], [ 76.479192302055964, 30.970226687445258 ], [ 76.478507875245626, 30.970211365158811 ], [ 76.478513505467234, 30.969949117326379 ], [ 76.47923338464291, 30.969959983142864 ] ] ] } }
]
}
