{
"type": "FeatureCollection",
"name": "iit_ropar_roads",
"crs": { "type": "name", "properties": { "name": "urn:ogc:def:crs:OGC:1.3:CRS84" } },
"features": [
{ "type": "Feature", "properties": { "u": 9513069015, "v": 9513069019, "key": 0, "osmid": "1032481448", "highway": "service", "oneway": false, "reversed": "True", "length": 164.77331237559443 }, "geometry": { "type": "LineString", "coordinates": [ [ 76.4740327, 30.9696363 ], [ 76.4723047, 30.969613 ] ] } },
{ "type": "Feature", "properties": { "u": 9513069015, "v": 9513732584, "key": 0, "osmid": "1032481446", "highway": "service", "oneway": false, "reversed": "True", "length": 208.31158142403308 }, "geometry": { "type": "LineString", "coordinates": [ [ 76.4740327, 30.9696363 ], [ 76.4739999, 30.9708957 ], [ 76.4739561, 30.9709534 ], [ 76.4739123, 30.9709765 ], [ 76.4733283, 30.9709765 ] ] } },
{ "type": "Feature", "properties": { "u": 9513069015, "v": 9514233025, "key": 0, "osmid": "1032481449", "highway": "service", "oneway": false, "reversed": "True", "length": 147.39515660828135 }, "geometry": { "type": "LineString", "coordinates": [ [ 76.4740327, 30.9696363 ], [ 76.474039, 30.9691902 ], [ 76.4740312, 30.9691005 ], [ 76.4739808, 30.9690439 ], [ 76.4738955, 30.9690306 ], [ 76.4731446, 30.9690214 ] ] } },
{ "type": "Feature", "properties": { "u": 9513069015, "v": 9513069069, "key": 0, "osmid": "1032481454", "highway": "service", "oneway": false, "reversed": "False", "length": 323.51143701767313 }, "geometry": { "type": "LineString", "coordinates": [ [ 76.4740327, 30.9696363 ], [ 76.4751434, 30.9696555 ], [ 76.4768261, 30.9696775 ], [ 76.4774254, 30.9696801 ] ] } },
{ "type": "Feature", "properties": { "u": 9513069019, "v": 9513069015, "key": 0, "osmid": "1032481448", "highway": "service", "oneway": false, "reversed": "False", "length": 164.77331237559443 }, "geometry": { "type": "LineString", "coordinates": [ [ 76.4723047, 30.969613 ], [ 76.4740327, 30.9696363 ] ] } },
{ "type": "Feature", "properties": { "u": 9513069019, "v": 9513402263, "key": 0, "osmid": "1032481449", "highway": "service", "oneway": false, "reversed": "False", "length": 38.263767798038785 }, "geometry": { "type": "LineString", "coordinates": [ [ 76.4723047, 30.969613 ], [ 76.4723083, 30.9692689 ] ] } },
{ "type": "Feature", "properties": { "u": 9513069019, "v": 9513402272, "key": 0, "osmid": "1032481450", "highway": "service", "oneway": false, "reversed": "True", "length": 246.27830073516017 }, "geometry": { "type": "LineString", "coordinates": [ [ 76.4723047, 30.969613 ], [ 76.4697235, 30.9695287 ] ] } },
{ "type": "Feature", "properties": { "u": 9513069019, "v": 9513732576, "key": 0, "osmid": "1032481447", "highway": "service", "oneway": false, "reversed": "True", "length": 206.76969718031935 }, "geometry": { "type": "LineString", "coordinates": [ [ 76.4723047, 30.969613 ], [ 76.4722892, 30.97087 ], [ 76.4723042, 30.9709161 ], [ 76.4724055, 30.9709631 ], [ 76.472937, 30.9709731 ] ] } },
{ "type": "Feature", "properties": { "u": 9513069037, "v": 11052493599, "key": 0, "osmid": "1190346886", "highway": "service", "oneway": false, "reversed": "True", "length": 8.4423130300205411 }, "geometry": { "type": "LineString", "coordinates": [ [ 76.4668369, 30.9692529 ], [ 76.4668391, 30.969177 ] ] } },
{ "type": "Feature", "properties": { "u": 9513069037, "v": 9516401595, "key": 0, "osmid": "1032481450", "highway": "service", "oneway": false, "reversed": "False", "length": 62.276952640663794 }, "geometry": { "type": "LineString", "coordinates": [ [ 76.4668369, 30.9692529 ], [ 76.4670203, 30.9693342 ], [ 76.4673234, 30.969465 ], [ 76.4674295, 30.9694793 ] ] } },
{ "type": "Feature", "properties": { "u": 9513069037, "v": 11052493600, "key": 0, "osmid": "1032481450", "highway": "service", "oneway": false, "reversed": "True", "length": 114.36789841260889 }, "geometry": { "type": "LineString", "coordinates": [ [ 76.4668369, 30.9692529 ], [ 76.4657936, 30.9692588 ], [ 76.4656374, 30.9692571 ] ] } },
{ "type": "Feature", "properties": { "u": 9513069040, "v": 11052493591, "key": 0, "osmid": "1032481450", "highway": "service", "oneway": false, "reversed": "False", "length": 10.831844559584887 }, "geometry": { "type": "LineString", "coordinates": [ [ 76.4651665, 30.9692521 ], [ 76.4652801, 30.9692533 ] ] } },
{ "type": "Feature", "properties": { "u": 9513069041, "v": 9513402272, "key": 0, "osmid": "1032481450", "highway": "service", "oneway": false, "reversed": "False", "length": 35.6202477931093 }, "geometry": { "type": "LineString", "coordinates": [ [ 76.4693499, 30.9695284 ], [ 76.4697235, 30.9695287 ] ] } },
{ "type": "Feature", "properties": { "u": 9513069041, "v": 11752291200, "key": 0, "osmid": "1032481450", "highway": "service", "oneway": false, "reversed": "True", "length": 39.402053440188254 }, "geometry": { "type": "LineString", "coordinates": [ [ 76.4693499, 30.9695284 ], [ 76.4689367, 30.9695221 ] ] } },
{ "type": "Feature", "properties": { "u": 9513069041, "v": 11066138210, "key": 0, "osmid": [ 1191964192, 1032481451 ], "highway": "service", "oneway": false, "reversed": "False", "length": 170.6397207034141 }, "geometry": { "type": "LineString", "coordinates": [ [ 76.4693499, 30.9695284 ], [ 76.4693799, 30.9682059 ], [ 76.4691329, 30.968201 ] ] } },
{ "type": "Feature", "properties": { "u": 9513069043, "v": 9513069048, "key": 0, "osmid": "1032481452", "highway": "service", "oneway": false, "reversed": "False", "length": 67.21110291312884 }, "geometry": { "type": "LineString", "coordinates": [ [ 76.4696371, 30.9681769 ], [ 76.470031, 30.9681798 ], [ 76.4700647, 30.9681481 ], [ 76.4700849, 30.968099 ], [ 76.470088, 30.9679273 ] ] } },
{ "type": "Feature", "properties": { "u": 9513069047, "v": 9513069048, "key": 0, "osmid": "1032481452", "highway": "service", "oneway": false, "reversed": "True", "length": 64.439782879388957 }, "geometry": { "type": "LineString", "coordinates": [ [ 76.47013, 30.9673489 ], [ 76.470088, 30.9679273 ] ] } },
{ "type": "Feature", "properties": { "u": 9513069047, "v": 9513418829, "key": 0, "osmid": "1032517882", "highway": "service", "oneway": false, "reversed": "False", "length": 126.34123842384936 }, "geometry": { "type": "LineString", "coordinates": [ [ 76.47013, 30.9673489 ], [ 76.4701844, 30.9673498 ], [ 76.4704488, 30.9673569 ], [ 76.4704828, 30.9665279 ], [ 76.4704842, 30.9664947 ] ] } },
{ "type": "Feature", "properties": { "u": 9513069047, "v": 9513418826, "key": 0, "osmid": "1032517882", "highway": "service", "oneway": false, "reversed": "True", "length": 177.66566349000047 }, "geometry": { "type": "LineString", "coordinates": [ [ 76.47013, 30.9673489 ], [ 76.4692415, 30.9673265 ], [ 76.4692566, 30.966491 ] ] } },
{ "type": "Feature", "properties": { "u": 9513069048, "v": 9513069047, "key": 0, "osmid": "1032481452", "highway": "service", "oneway": false, "reversed": "False", "length": 64.439782879388957 }, "geometry": { "type": "LineString", "coordinates": [ [ 76.470088, 30.9679273 ], [ 76.47013, 30.9673489 ] ] } },
{ "type": "Feature", "properties": { "u": 9513069048, "v": 9513069049, "key": 0, "osmid": "1032481453", "highway": "service", "oneway": false, "reversed": "False", "length": 141.23898914485324 }, "geometry": { "type": "LineString", "coordinates": [ [ 76.470088, 30.9679273 ], [ 76.4715686, 30.9679677 ] ] } },
{ "type": "Feature", "properties": { "u": 9513069048, "v": 9513069043, "key": 0, "osmid": "1032481452", "highway": "service", "oneway": false, "reversed": "True", "length": 67.21110291312884 }, "geometry": { "type": "LineString", "coordinates": [ [ 76.470088, 30.9679273 ], [ 76.4700849, 30.968099 ], [ 76.4700647, 30.9681481 ], [ 76.470031, 30.9681798 ], [ 76.4696371, 30.9681769 ] ] } },
{ "type": "Feature", "properties": { "u": 9513069049, "v": 9513069048, "key": 0, "osmid": "1032481453", "highway": "service", "oneway": false, "reversed": "True", "length": 141.23898914485324 }, "geometry": { "type": "LineString", "coordinates": [ [ 76.4715686, 30.9679677 ], [ 76.470088, 30.9679273 ] ] } },
{ "type": "Feature", "properties": { "u": 9513069049, "v": 9513732530, "key": 0, "osmid": "1032552694", "highway": "service", "oneway": false, "reversed": "False", "length": 33.574227049905197 }, "geometry": { "type": "LineString", "coordinates": [ [ 76.4715686, 30.9679677 ], [ 76.4716253, 30.9682657 ] ] } },
{ "type": "Feature", "properties": { "u": 9513069049, "v": 9513732531, "key": 0, "osmid": "1032552693", "highway": "service", "oneway": false, "reversed": "True", "length": 77.680055544138924 }, "geometry": { "type": "LineString", "coordinates": [ [ 76.4715686, 30.9679677 ], [ 76.4714931, 30.9678752 ], [ 76.4714803, 30.9678399 ], [ 76.4716038, 30.9676303 ], [ 76.4717813, 30.9674405 ], [ 76.4718196, 30.967378 ] ] } },
{ "type": "Feature", "properties": { "u": 9513069069, "v": 9513069084, "key": 0, "osmid": "1032481455", "highway": "service", "oneway": false, "reversed": "False", "length": 26.165766597554683 }, "geometry": { "type": "LineString", "coordinates": [ [ 76.4774254, 30.9696801 ], [ 76.4774224, 30.9699154 ] ] } },
{ "type": "Feature", "properties": { "u": 9513069069, "v": 9513432153, "key": 0, "osmid": "1032481454", "highway": "service", "oneway": false, "reversed": "False", "length": 129.89813720576311 }, "geometry": { "type": "LineString", "coordinates": [ [ 76.4774254, 30.9696801 ], [ 76.4778605, 30.969682 ], [ 76.4778913, 30.9696511 ], [ 76.4779016, 30.9696025 ], [ 76.4778347, 30.969479 ], [ 76.477737, 30.969276 ], [ 76.4776752, 30.9690819 ], [ 76.4776542, 30.9689349 ] ] } },
{ "type": "Feature", "properties": { "u": 9513069069, "v": 9513069015, "key": 0, "osmid": "1032481454", "highway": "service", "oneway": false, "reversed": "True", "length": 323.51143701767307 }, "geometry": { "type": "LineString", "coordinates": [ [ 76.4774254, 30.9696801 ], [ 76.4768261, 30.9696775 ], [ 76.4751434, 30.9696555 ], [ 76.4740327, 30.9696363 ] ] } },
{ "type": "Feature", "properties": { "u": 9513069073, "v": 9513069076, "key": 0, "osmid": "1032481455", "highway": "service", "oneway": false, "reversed": "True", "length": 33.152870370744267 }, "geometry": { "type": "LineString", "coordinates": [ [ 76.478493, 30.9699308 ], [ 76.4784866, 30.9702289 ] ] } },
{ "type": "Feature", "properties": { "u": 9513069073, "v": 9513069076, "key": 1, "osmid": "1032481459", "highway": "service", "oneway": false, "reversed": "True", "length": 176.12078832257185 }, "geometry": { "type": "LineString", "coordinates": [ [ 76.478493, 30.9699308 ], [ 76.4792549, 30.9699423 ], [ 76.4792459, 30.9702028 ], [ 76.4792013, 30.9702449 ], [ 76.4784866, 30.9702289 ] ] } },
{ "type": "Feature", "properties": { "u": 9513069073, "v": 9513069084, "key": 0, "osmid": "1032481459", "highway": "service", "oneway": false, "reversed": "False", "length": 102.08840705791243 }, "geometry": { "type": "LineString", "coordinates": [ [ 76.478493, 30.9699308 ], [ 76.4774224, 30.9699154 ] ] } },
{ "type": "Feature", "properties": { "u": 9513069075, "v": 9513069077, "key": 0, "osmid": "1032481455", "highway": "service", "oneway": false, "reversed": "False", "length": 37.096841236614694 }, "geometry": { "type": "LineString", "coordinates": [ [ 76.4774186, 30.9702138 ], [ 76.4774144, 30.9705474 ] ] } },
{ "type": "Feature", "properties": { "u": 9513069075, "v": 9513069084, "key": 0, "osmid": "1032481455", "highway": "service", "oneway": false, "reversed": "True", "length": 33.182590930576929 }, "geometry": { "type": "LineString", "coordinates": [ [ 76.4774186, 30.9702138 ], [ 76.4774224, 30.9699154 ] ] } },
{ "type": "Feature", "properties": { "u": 9513069075, "v": 9513069076, "key": 0, "osmid": "1032481456", "highway": "service", "oneway": false, "reversed": "False", "length": 101.83967712220561 }, "geometry": { "type": "LineString", "coordinates": [ [ 76.4774186, 30.9702138 ], [ 76.4784866, 30.9702289 ] ] } },
{ "type": "Feature", "properties": { "u": 9513069076, "v": 9513069073, "key": 0, "osmid": "1032481455", "highway": "service", "oneway": false, "reversed": "False", "length": 33.152870370744267 }, "geometry": { "type": "LineString", "coordinates": [ [ 76.4784866, 30.9702289 ], [ 76.478493, 30.9699308 ] ] } },
{ "type": "Feature", "properties": { "u": 9513069076, "v": 9513069073, "key": 1, "osmid": "1032481459", "highway": "service", "oneway": false, "reversed": "False", "length": 176.12078832257185 }, "geometry": { "type": "LineString", "coordinates": [ [ 76.4784866, 30.9702289 ], [ 76.4792013, 30.9702449 ], [ 76.4792459, 30.9702028 ], [ 76.4792549, 30.9699423 ], [ 76.478493, 30.9699308 ] ] } },
{ "type": "Feature", "properties": { "u": 9513069076, "v": 9513069078, "key": 0, "osmid": "1032481455", "highway": "service", "oneway": false, "reversed": "True", "length": 37.35673637485047 }, "geometry": { "type": "LineString", "coordinates": [ [ 76.4784866, 30.9702289 ], [ 76.4784794, 30.9705648 ] ] } },
{ "type": "Feature", "properties": { "u": 9513069076, "v": 9513069075, "key": 0, "osmid": "1032481456", "highway": "service", "oneway": false, "reversed": "True", "length": 101.83967712220561 }, "geometry": { "type": "LineString", "coordinates": [ [ 76.4784866, 30.9702289 ], [ 76.4774186, 30.9702138 ] ] } },
{ "type": "Feature", "properties": { "u": 9513069077, "v": 9513069079, "key": 0, "osmid": "1032481455", "highway": "service", "oneway": false, "reversed": "False", "length": 35.37321201000762 }, "geometry": { "type": "LineString", "coordinates": [ [ 76.4774144, 30.9705474 ], [ 76.4774104, 30.9708655 ] ] } },
{ "type": "Feature", "properties": { "u": 9513069077, "v": 9513069075, "key": 0, "osmid": "1032481455", "highway": "service", "oneway": false, "reversed": "True", "length": 37.096841236614694 }, "geometry": { "type": "LineString", "coordinates": [ [ 76.4774144, 30.9705474 ], [ 76.4774186, 30.9702138 ] ] } },
{ "type": "Feature", "properties": { "u": 9513069077, "v": 9513069078, "key": 0, "osmid": "1032481457", "highway": "service", "oneway": false, "reversed": "False", "length": 101.55788288043206 }, "geometry": { "type": "LineString", "coordinates": [ [ 76.4774144, 30.9705474 ], [ 76.4784794, 30.9705648 ] ] } },
{ "type": "Feature", "properties": { "u": 9513069078, "v": 9513069076, "key": 0, "osmid": "1032481455", "highway": "service", "oneway": false, "reversed": "False", "length": 37.35673637485047 }, "geometry": { "type": "LineString", "coordinates": [ [ 76.4784794, 30.9705648 ], [ 76.4784866, 30.9702289 ] ] } },
{ "type": "Feature", "properties": { "u": 9513069078, "v": 9513069080, "key": 0, "osmid": "1032481455", "highway": "service", "oneway": false, "reversed": "True", "length": 34.587570406686986 }, "geometry": { "type": "LineString", "coordinates": [ [ 76.4784794, 30.9705648 ], [ 76.4784727, 30.9708758 ] ] } },
{ "type": "Feature", "properties": { "u": 9513069078, "v": 9513069077, "key": 0, "osmid": "1032481457", "highway": "service", "oneway": false, "reversed": "True", "length": 101.55788288043206 }, "geometry": { "type": "LineString", "coordinates": [ [ 76.4784794, 30.9705648 ], [ 76.4774144, 30.9705474 ] ] } },
{ "type": "Feature", "properties": { "u": 9513069079, "v": 9513069077, "key": 0, "osmid": "1032481455", "highway": "service", "oneway": false, "reversed": "True", "length": 35.37321201000762 }, "geometry": { "type": "LineString", "coordinates": [ [ 76.4774104, 30.9708655 ], [ 76.4774144, 30.9705474 ] ] } },
{ "type": "Feature", "properties": { "u": 9513069079, "v": 9513069080, "key": 0, "osmid": "1032481458", "highway": "service", "oneway": false, "reversed": "False", "length": 101.28816897035244 }, "geometry": { "type": "LineString", "coordinates": [ [ 76.4774104, 30.9708655 ], [ 76.4784727, 30.9708758 ] ] } },
{ "type": "Feature", "properties": { "u": 9513069079, "v": 9513069080, "key": 1, "osmid": "1032481455", "highway": "service", "oneway": false, "reversed": "False", "length": 172.05061982212644 }, "geometry": { "type": "LineString", "coordinates": [ [ 76.4774104, 30.9708655 ], [ 76.4774063, 30.9711848 ], [ 76.4774291, 30.9711948 ], [ 76.4784375, 30.9712064 ], [ 76.4784662, 30.9711833 ], [ 76.4784727, 30.9708758 ] ] } },
{ "type": "Feature", "properties": { "u": 9513069080, "v": 9513069078, "key": 0, "osmid": "1032481455", "highway": "service", "oneway": false, "reversed": "False", "length": 34.587570406686986 }, "geometry": { "type": "LineString", "coordinates": [ [ 76.4784727, 30.9708758 ], [ 76.4784794, 30.9705648 ] ] } },
{ "type": "Feature", "properties": { "u": 9513069080, "v": 9513069079, "key": 0, "osmid": "1032481458", "highway": "service", "oneway": false, "reversed": "True", "length": 101.28816897035244 }, "geometry": { "type": "LineString", "coordinates": [ [ 76.4784727, 30.9708758 ], [ 76.4774104, 30.9708655 ] ] } },
{ "type": "Feature", "properties": { "u": 9513069080, "v": 9513069079, "key": 1, "osmid": "1032481455", "highway": "service", "oneway": false, "reversed": "True", "length": 172.05061982212641 }, "geometry": { "type": "LineString", "coordinates": [ [ 76.4784727, 30.9708758 ], [ 76.4784662, 30.9711833 ], [ 76.4784375, 30.9712064 ], [ 76.4774291, 30.9711948 ], [ 76.4774063, 30.9711848 ], [ 76.4774104, 30.9708655 ] ] } },
{ "type": "Feature", "properties": { "u": 9513069084, "v": 9513069075, "key": 0, "osmid": "1032481455", "highway": "service", "oneway": false, "reversed": "False", "length": 33.182590930576929 }, "geometry": { "type": "LineString", "coordinates": [ [ 76.4774224, 30.9699154 ], [ 76.4774186, 30.9702138 ] ] } },
{ "type": "Feature", "properties": { "u": 9513069084, "v": 9513069069, "key": 0, "osmid": "1032481455", "highway": "service", "oneway": false, "reversed": "True", "length": 26.165766597554683 }, "geometry": { "type": "LineString", "coordinates": [ [ 76.4774224, 30.9699154 ], [ 76.4774254, 30.9696801 ] ] } },
{ "type": "Feature", "properties": { "u": 9513069084, "v": 9513069073, "key": 0, "osmid": "1032481459", "highway": "service", "oneway": false, "reversed": "True", "length": 102.08840705791243 }, "geometry": { "type": "LineString", "coordinates": [ [ 76.4774224, 30.9699154 ], [ 76.478493, 30.9699308 ] ] } },
{ "type": "Feature", "properties": { "u": 9513402242, "v": 9513402251, "key": 0, "osmid": "1032517872", "highway": "service", "oneway": false, "reversed": "False", "length": 23.065013558996903 }, "geometry": { "type": "LineString", "coordinates": [ [ 76.4710521, 30.9690798 ], [ 76.4710561, 30.9688724 ] ] } },
{ "type": "Feature", "properties": { "u": 9513402251, "v": 9513402242, "key": 0, "osmid": "1032517872", "highway": "service", "oneway": false, "reversed": "True", "length": 23.065013558996903 }, "geometry": { "type": "LineString", "coordinates": [ [ 76.4710561, 30.9688724 ], [ 76.4710521, 30.9690798 ] ] } },
{ "type": "Feature", "properties": { "u": 9513402251, "v": 9513732530, "key": 0, "osmid": "1032517872", "highway": "service", "oneway": false, "reversed": "False", "length": 119.38841074720577 }, "geometry": { "type": "LineString", "coordinates": [ [ 76.4710561, 30.9688724 ], [ 76.4710676, 30.9682812 ], [ 76.4710985, 30.9682657 ], [ 76.4716253, 30.9682657 ] ] } },
{ "type": "Feature", "properties": { "u": 9513402251, "v": 9514233027, "key": 0, "osmid": "1032517872", "highway": "service", "oneway": false, "reversed": "True", "length": 121.2361904963922 }, "geometry": { "type": "LineString", "coordinates": [ [ 76.4710561, 30.9688724 ], [ 76.4715878, 30.9688812 ], [ 76.4722027, 30.9688945 ], [ 76.472231, 30.968879 ], [ 76.4722322, 30.9688009 ] ] } },
{ "type": "Feature", "properties": { "u": 9513402252, "v": 9514233027, "key": 0, "osmid": "1032517872", "highway": "service", "oneway": false, "reversed": "False", "length": 39.498824037940878 }, "geometry": { "type": "LineString", "coordinates": [ [ 76.4722367, 30.9684457 ], [ 76.4722322, 30.9688009 ] ] } },
{ "type": "Feature", "properties": { "u": 9513402252, "v": 9514233026, "key": 0, "osmid": "1032517873", "highway": "service", "oneway": false, "reversed": "False", "length": 88.301235143405322 }, "geometry": { "type": "LineString", "coordinates": [ [ 76.4722367, 30.9684457 ], [ 76.4731628, 30.9684521 ] ] } },
{ "type": "Feature", "properties": { "u": 9513402252, "v": 9513732537, "key": 0, "osmid": "1032517872", "highway": "service", "oneway": false, "reversed": "True", "length": 58.826282979645015 }, "geometry": { "type": "LineString", "coordinates": [ [ 76.4722367, 30.9684457 ], [ 76.4722385, 30.9683162 ], [ 76.4722388, 30.9682922 ], [ 76.4722079, 30.9682701 ], [ 76.4718102, 30.9682669 ] ] } },
{ "type": "Feature", "properties": { "u": 9513402256, "v": 9513402256, "key": 0, "osmid": "1032517873", "highway": "service", "oneway": false, "reversed": "False", "length": 291.15206615865475 }, "geometry": { "type": "LineString", "coordinates": [ [ 76.4752269, 30.9689204 ], [ 76.4752298, 30.9691517 ], [ 76.4756847, 30.9691585 ], [ 76.4760807, 30.9691644 ], [ 76.4760777, 30.9690195 ], [ 76.4760836, 30.9686434 ], [ 76.4760836, 30.9685824 ], [ 76.4760407, 30.9685816 ], [ 76.4759558, 30.9685801 ], [ 76.4752419, 30.9685672 ], [ 76.4752269, 30.9689204 ] ] } },
{ "type": "Feature", "properties": { "u": 9513402256, "v": 9513402256, "key": 1, "osmid": "1032517873", "highway": "service", "oneway": false, "reversed": "True", "length": 291.15206615865475 }, "geometry": { "type": "LineString", "coordinates": [ [ 76.4752269, 30.9689204 ], [ 76.4752419, 30.9685672 ], [ 76.4759558, 30.9685801 ], [ 76.4760407, 30.9685816 ], [ 76.4760836, 30.9685824 ], [ 76.4760836, 30.9686434 ], [ 76.4760777, 30.9690195 ], [ 76.4760807, 30.9691644 ], [ 76.4756847, 30.9691585 ], [ 76.4752298, 30.9691517 ], [ 76.4752269, 30.9689204 ] ] } },
{ "type": "Feature", "properties": { "u": 9513402256, "v": 9514211682, "key": 0, "osmid": "1032517873", "highway": "service", "oneway": false, "reversed": "True", "length": 80.576476266530079 }, "geometry": { "type": "LineString", "coordinates": [ [ 76.4752269, 30.9689204 ], [ 76.4746578, 30.9689128 ], [ 76.4743819, 30.9689085 ] ] } },
{ "type": "Feature", "properties": { "u": 9513402263, "v": 9513069019, "key": 0, "osmid": "1032481449", "highway": "service", "oneway": false, "reversed": "True", "length": 38.263767798038785 }, "geometry": { "type": "LineString", "coordinates": [ [ 76.4723083, 30.9692689 ], [ 76.4723047, 30.969613 ] ] } },
{ "type": "Feature", "properties": { "u": 9513402263, "v": 9513402271, "key": 0, "osmid": "1032517874", "highway": "service", "oneway": false, "reversed": "False", "length": 50.630093483948201 }, "geometry": { "type": "LineString", "coordinates": [ [ 76.4723083, 30.9692689 ], [ 76.4717773, 30.9692642 ] ] } },
{ "type": "Feature", "properties": { "u": 9513402263, "v": 9514233025, "key": 0, "osmid": "1032481449", "highway": "service", "oneway": false, "reversed": "False", "length": 102.36900525240952 }, "geometry": { "type": "LineString", "coordinates": [ [ 76.4723083, 30.9692689 ], [ 76.4723089, 30.9692111 ], [ 76.4723089, 30.9691136 ], [ 76.4723189, 30.9690838 ], [ 76.4723521, 30.9690467 ], [ 76.4723903, 30.9690254 ], [ 76.4724351, 30.969014 ], [ 76.4725381, 30.969014 ], [ 76.4731446, 30.9690214 ] ] } },
{ "type": "Feature", "properties": { "u": 9513402264, "v": 9513402265, "key": 0, "osmid": "1032517874", "highway": "service", "oneway": false, "reversed": "True", "length": 82.638653276472297 }, "geometry": { "type": "LineString", "coordinates": [ [ 76.4702808, 30.969251 ], [ 76.4711475, 30.9692587 ] ] } },
{ "type": "Feature", "properties": { "u": 9513402265, "v": 9513402264, "key": 0, "osmid": "1032517874", "highway": "service", "oneway": false, "reversed": "False", "length": 82.638653276472297 }, "geometry": { "type": "LineString", "coordinates": [ [ 76.4711475, 30.9692587 ], [ 76.4702808, 30.969251 ] ] } },
{ "type": "Feature", "properties": { "u": 9513402265, "v": 9513402271, "key": 0, "osmid": "1032517874", "highway": "service", "oneway": false, "reversed": "True", "length": 60.050450991435909 }, "geometry": { "type": "LineString", "coordinates": [ [ 76.4711475, 30.9692587 ], [ 76.4717773, 30.9692642 ] ] } },
{ "type": "Feature", "properties": { "u": 9513402265, "v": 9513402271, "key": 1, "osmid": "1032517875", "highway": "service", "oneway": false, "reversed": "False", "length": 113.96848955998816 }, "geometry": { "type": "LineString", "coordinates": [ [ 76.4711475, 30.9692587 ], [ 76.471156, 30.9690342 ], [ 76.4711813, 30.9690024 ], [ 76.4712099, 30.9689923 ], [ 76.471752, 30.969001 ], [ 76.4717772, 30.9690298 ], [ 76.4717773, 30.9692642 ] ] } },
{ "type": "Feature", "properties": { "u": 9513402271, "v": 9513402265, "key": 0, "osmid": "1032517874", "highway": "service", "oneway": false, "reversed": "False", "length": 60.050450991435909 }, "geometry": { "type": "LineString", "coordinates": [ [ 76.4717773, 30.9692642 ], [ 76.4711475, 30.9692587 ] ] } },
{ "type": "Feature", "properties": { "u": 9513402271, "v": 9513402265, "key": 1, "osmid": "1032517875", "highway": "service", "oneway": false, "reversed": "True", "length": 113.96848955998816 }, "geometry": { "type": "LineString", "coordinates": [ [ 76.4717773, 30.9692642 ], [ 76.4717772, 30.9690298 ], [ 76.471752, 30.969001 ], [ 76.4712099, 30.9689923 ], [ 76.4711813, 30.9690024 ], [ 76.471156, 30.9690342 ], [ 76.4711475, 30.9692587 ] ] } },
{ "type": "Feature", "properties": { "u": 9513402271, "v": 9513402263, "key": 0, "osmid": "1032517874", "highway": "service", "oneway": false, "reversed": "True", "length": 50.630093483948201 }, "geometry": { "type": "LineString", "coordinates": [ [ 76.4717773, 30.9692642 ], [ 76.4723083, 30.9692689 ] ] } },
{ "type": "Feature", "properties": { "u": 9513402272, "v": 9513069019, "key": 0, "osmid": "1032481450", "highway": "service", "oneway": false, "reversed": "False", "length": 246.27830073516017 }, "geometry": { "type": "LineString", "coordinates": [ [ 76.4697235, 30.9695287 ], [ 76.4723047, 30.969613 ] ] } },
{ "type": "Feature", "properties": { "u": 9513402272, "v": 9513069041, "key": 0, "osmid": "1032481450", "highway": "service", "oneway": false, "reversed": "True", "length": 35.6202477931093 }, "geometry": { "type": "LineString", "coordinates": [ [ 76.4697235, 30.9695287 ], [ 76.4693499, 30.9695284 ] ] } },
{ "type": "Feature", "properties": { "u": 9513402272, "v": 11752291204, "key": 0, "osmid": [ 1265064907, 1032517876 ], "highway": "service", "oneway": false, "reversed": [ false, true ], "length": 122.12058613050479 }, "geometry": { "type": "LineString", "coordinates": [ [ 76.4697235, 30.9695287 ], [ 76.4696763, 30.9702359 ], [ 76.4692216, 30.9702401 ] ] } },
{ "type": "Feature", "properties": { "u": 9513402274, "v": 11752274323, "key": 0, "osmid": "1265064884", "highway": "service", "oneway": false, "reversed": "True", "length": 105.8832386243098 }, "geometry": { "type": "LineString", "coordinates": [ [ 76.466681, 30.9664748 ], [ 76.4655712, 30.9664407 ] ] } },
{ "type": "Feature", "properties": { "u": 9513402274, "v": 9513418826, "key": 0, "osmid": "1032517877", "highway": "service", "oneway": false, "reversed": "False", "length": 245.58069013555826 }, "geometry": { "type": "LineString", "coordinates": [ [ 76.466681, 30.9664748 ], [ 76.4690069, 30.9664903 ], [ 76.4692566, 30.966491 ] ] } },
{ "type": "Feature", "properties": { "u": 9513402274, "v": 11052493596, "key": 0, "osmid": "1032886633", "highway": "service", "oneway": false, "reversed": "True", "length": 212.2904939152244 }, "geometry": { "type": "LineString", "coordinates": [ [ 76.466681, 30.9664748 ], [ 76.4669615, 30.9669234 ], [ 76.4673813, 30.967604 ], [ 76.4675504, 30.9678806 ], [ 76.4676736, 30.9681177 ], [ 76.4676943, 30.9681733 ] ] } },
{ "type": "Feature", "properties": { "u": 9513402274, "v": 9513402311, "key": 0, "osmid": "1265064886", "highway": "service", "oneway": false, "reversed": "False", "length": 551.5484763748085 }, "geometry": { "type": "LineString", "coordinates": [ [ 76.466681, 30.9664748 ], [ 76.4664116, 30.9660348 ], [ 76.4663869, 30.9659358 ], [ 76.4663952, 30.9658545 ], [ 76.4664158, 30.9657944 ], [ 76.4664694, 30.9657273 ], [ 76.4664941, 30.9656955 ], [ 76.46656, 30.9656601 ], [ 76.4666549, 30.9656425 ], [ 76.4673598, 30.9656531 ], [ 76.4674669, 30.9656319 ], [ 76.4675494, 30.9655859 ], [ 76.4676153, 30.9655081 ], [ 76.4676236, 30.9654162 ], [ 76.4676277, 30.9651122 ], [ 76.4676442, 30.9650309 ], [ 76.4676937, 30.9649497 ], [ 76.4681636, 30.9646669 ], [ 76.4686954, 30.9644124 ], [ 76.469223, 30.9641968 ], [ 76.4697589, 30.9640377 ], [ 76.4703152, 30.9638994 ] ] } },
{ "type": "Feature", "properties": { "u": 9513402276, "v": 11752291210, "key": 0, "osmid": "1032517877", "highway": "service", "oneway": false, "reversed": "False", "length": 125.0078818730246 }, "geometry": { "type": "LineString", "coordinates": [ [ 76.4707131, 30.9664953 ], [ 76.4720239, 30.9665191 ] ] } },
{ "type": "Feature", "properties": { "u": 9513402276, "v": 11752291205, "key": 0, "osmid": "1032517877", "highway": "service", "oneway": false, "reversed": "True", "length": 12.322339566865351 }, "geometry": { "type": "LineString", "coordinates": [ [ 76.4707131, 30.9664953 ], [ 76.4705904, 30.9664605 ] ] } },
{ "type": "Feature", "properties": { "u": 9513402276, "v": 9513732525, "key": 0, "osmid": "1032517881", "highway": "service", "oneway": false, "reversed": "False", "length": 180.50074351190148 }, "geometry": { "type": "LineString", "coordinates": [ [ 76.4707131, 30.9664953 ], [ 76.4707042, 30.9667962 ], [ 76.4706952, 30.9670375 ], [ 76.4706952, 30.9671237 ], [ 76.4707086, 30.9671448 ], [ 76.4707399, 30.9671505 ], [ 76.4712281, 30.9671616 ], [ 76.4718395, 30.9671755 ] ] } },
{ "type": "Feature", "properties": { "u": 9513402277, "v": 11752291186, "key": 0, "osmid": "1032517877", "highway": "service", "oneway": false, "reversed": "False", "length": 41.096175920533113 }, "geometry": { "type": "LineString", "coordinates": [ [ 76.4721406, 30.9665238 ], [ 76.4725716, 30.9665274 ] ] } },
{ "type": "Feature", "properties": { "u": 9513402277, "v": 11752291210, "key": 0, "osmid": "1032517877", "highway": "service", "oneway": false, "reversed": "True", "length": 11.139172406888132 }, "geometry": { "type": "LineString", "coordinates": [ [ 76.4721406, 30.9665238 ], [ 76.4720239, 30.9665191 ] ] } },
{ "type": "Feature", "properties": { "u": 9513402277, "v": 9513732525, "key": 0, "osmid": "1032517881", "highway": "service", "oneway": false, "reversed": "True", "length": 98.153415694045094 }, "geometry": { "type": "LineString", "coordinates": [ [ 76.4721406, 30.9665238 ], [ 76.4721316, 30.9671298 ], [ 76.4721167, 30.9671628 ], [ 76.4720663, 30.9671806 ], [ 76.4718395, 30.9671755 ] ] } },
{ "type": "Feature", "properties": { "u": 9513402282, "v": 11752291173, "key": 0, "osmid": "1032517877", "highway": "service", "oneway": false, "reversed": "False", "length": 66.043287348209788 }, "geometry": { "type": "LineString", "coordinates": [ [ 76.4759893, 30.9665838 ], [ 76.4766818, 30.9665969 ] ] } },
{ "type": "Feature", "properties": { "u": 9513402282, "v": 11752291195, "key": 0, "osmid": "1032517877", "highway": "service", "oneway": false, "reversed": "True", "length": 56.649567568609321 }, "geometry": { "type": "LineString", "coordinates": [ [ 76.4759893, 30.9665838 ], [ 76.4753953, 30.9665725 ] ] } },
{ "type": "Feature", "properties": { "u": 9513402282, "v": 11752291170, "key": 0, "osmid": "1032517878", "highway": "service", "oneway": false, "reversed": "False", "length": 28.619193650282018 }, "geometry": { "type": "LineString", "coordinates": [ [ 76.4759893, 30.9665838 ], [ 76.4759967, 30.9663265 ] ] } },
{ "type": "Feature", "properties": { "u": 9513402283, "v": 11752274361, "key": 0, "osmid": "1032517878", "highway": "service", "oneway": false, "reversed": "True", "length": 36.905646582238852 }, "geometry": { "type": "LineString", "coordinates": [ [ 76.4760651, 30.9639342 ], [ 76.4760556, 30.964266 ] ] } },
{ "type": "Feature", "properties": { "u": 9513402283, "v": 9513402284, "key": 0, "osmid": "1265064886", "highway": "service", "oneway": false, "reversed": "False", "length": 16.231096642413984 }, "geometry": { "type": "LineString", "coordinates": [ [ 76.4760651, 30.9639342 ], [ 76.4762301, 30.9639701 ] ] } },
{ "type": "Feature", "properties": { "u": 9513402283, "v": 9513402311, "key": 0, "osmid": "1265064886", "highway": "service", "oneway": false, "reversed": "True", "length": 553.4368047342781 }, "geometry": { "type": "LineString", "coordinates": [ [ 76.4760651, 30.9639342 ], [ 76.4755176, 30.963815 ], [ 76.4745942, 30.9637019 ], [ 76.4739512, 30.9636524 ], [ 76.4730154, 30.9636312 ], [ 76.4722611, 30.9636418 ], [ 76.4714408, 30.9637196 ], [ 76.470773, 30.963815 ], [ 76.4703152, 30.9638994 ] ] } },
{ "type": "Feature", "properties": { "u": 9513402284, "v": 11752274355, "key": 0, "osmid": "1032618607", "highway": "service", "oneway": false, "reversed": "True", "length": 50.813656549223346 }, "geometry": { "type": "LineString", "coordinates": [ [ 76.4762301, 30.9639701 ], [ 76.4767305, 30.9641273 ] ] } },
{ "type": "Feature", "properties": { "u": 9513402284, "v": 9513402283, "key": 0, "osmid": "1265064886", "highway": "service", "oneway": false, "reversed": "True", "length": 16.231096642413984 }, "geometry": { "type": "LineString", "coordinates": [ [ 76.4762301, 30.9639701 ], [ 76.4760651, 30.9639342 ] ] } },
{ "type": "Feature", "properties": { "u": 9513402284, "v": 9513402311, "key": 0, "osmid": "1032517879", "highway": "service", "oneway": false, "reversed": "False", "length": 1185.2943688993553 }, "geometry": { "type": "LineString", "coordinates": [ [ 76.4762301, 30.9639701 ], [ 76.4762735, 30.96213 ], [ 76.4762891, 30.9610507 ], [ 76.4762891, 30.9605765 ], [ 76.4762713, 30.9604621 ], [ 76.4762189, 30.9603507 ], [ 76.4761569, 30.9602543 ], [ 76.4760871, 30.9601977 ], [ 76.4760231, 30.9601595 ], [ 76.4759436, 30.9601312 ], [ 76.4758427, 30.9601063 ], [ 76.4757613, 30.9600963 ], [ 76.4752998, 30.9600896 ], [ 76.474411, 30.9600892 ], [ 76.4742233, 30.9601389 ], [ 76.4740799, 30.9601916 ], [ 76.4738955, 30.9602824 ], [ 76.4737624, 30.9603936 ], [ 76.4736676, 30.9604742 ], [ 76.4728267, 30.961435 ], [ 76.4719255, 30.9623332 ], [ 76.4717185, 30.9625143 ], [ 76.471379, 30.9627166 ], [ 76.4709667, 30.9629718 ], [ 76.4704148, 30.963313 ], [ 76.4703397, 30.9634155 ], [ 76.4703226, 30.9635062 ], [ 76.4703152, 30.9638994 ] ] } },
{ "type": "Feature", "properties": { "u": 9513402311, "v": 9513402284, "key": 0, "osmid": "1032517879", "highway": "service", "oneway": false, "reversed": "True", "length": 1185.2943688993555 }, "geometry": { "type": "LineString", "coordinates": [ [ 76.4703152, 30.9638994 ], [ 76.4703226, 30.9635062 ], [ 76.4703397, 30.9634155 ], [ 76.4704148, 30.963313 ], [ 76.4709667, 30.9629718 ], [ 76.471379, 30.9627166 ], [ 76.4717185, 30.9625143 ], [ 76.4719255, 30.9623332 ], [ 76.4728267, 30.961435 ], [ 76.4736676, 30.9604742 ], [ 76.4737624, 30.9603936 ], [ 76.4738955, 30.9602824 ], [ 76.4740799, 30.9601916 ], [ 76.4742233, 30.9601389 ], [ 76.474411, 30.9600892 ], [ 76.4752998, 30.9600896 ], [ 76.4757613, 30.9600963 ], [ 76.4758427, 30.9601063 ], [ 76.4759436, 30.9601312 ], [ 76.4760231, 30.9601595 ], [ 76.4760871, 30.9601977 ], [ 76.4761569, 30.9602543 ], [ 76.4762189, 30.9603507 ], [ 76.4762713, 30.9604621 ], [ 76.4762891, 30.9605765 ], [ 76.4762891, 30.9610507 ], [ 76.4762735, 30.96213 ], [ 76.4762301, 30.9639701 ] ] } },
{ "type": "Feature", "properties": { "u": 9513402311, "v": 9513402283, "key": 0, "osmid": "1265064886", "highway": "service", "oneway": false, "reversed": "False", "length": 553.4368047342781 }, "geometry": { "type": "LineString", "coordinates": [ [ 76.4703152, 30.9638994 ], [ 76.470773, 30.963815 ], [ 76.4714408, 30.9637196 ], [ 76.4722611, 30.9636418 ], [ 76.4730154, 30.9636312 ], [ 76.4739512, 30.9636524 ], [ 76.4745942, 30.9637019 ], [ 76.4755176, 30.963815 ], [ 76.4760651, 30.9639342 ] ] } },
{ "type": "Feature", "properties": { "u": 9513402311, "v": 9513402274, "key": 0, "osmid": "1265064886", "highway": "service", "oneway": false, "reversed": "True", "length": 551.54847637480839 }, "geometry": { "type": "LineString", "coordinates": [ [ 76.4703152, 30.9638994 ], [ 76.4697589, 30.9640377 ], [ 76.469223, 30.9641968 ], [ 76.4686954, 30.9644124 ], [ 76.4681636, 30.9646669 ], [ 76.4676937, 30.9649497 ], [ 76.4676442, 30.9650309 ], [ 76.4676277, 30.9651122 ], [ 76.4676236, 30.9654162 ], [ 76.4676153, 30.9655081 ], [ 76.4675494, 30.9655859 ], [ 76.4674669, 30.9656319 ], [ 76.4673598, 30.9656531 ], [ 76.4666549, 30.9656425 ], [ 76.46656, 30.9656601 ], [ 76.4664941, 30.9656955 ], [ 76.4664694, 30.9657273 ], [ 76.4664158, 30.9657944 ], [ 76.4663952, 30.9658545 ], [ 76.4663869, 30.9659358 ], [ 76.4664116, 30.9660348 ], [ 76.466681, 30.9664748 ] ] } },
{ "type": "Feature", "properties": { "u": 9513418826, "v": 9513418829, "key": 0, "osmid": "1032517877", "highway": "service", "oneway": false, "reversed": "False", "length": 117.04779843731446 }, "geometry": { "type": "LineString", "coordinates": [ [ 76.4692566, 30.966491 ], [ 76.4704842, 30.9664947 ] ] } },
{ "type": "Feature", "properties": { "u": 9513418826, "v": 9513402274, "key": 0, "osmid": "1032517877", "highway": "service", "oneway": false, "reversed": "True", "length": 245.58069013555826 }, "geometry": { "type": "LineString", "coordinates": [ [ 76.4692566, 30.966491 ], [ 76.4690069, 30.9664903 ], [ 76.466681, 30.9664748 ] ] } },
{ "type": "Feature", "properties": { "u": 9513418826, "v": 9513069047, "key": 0, "osmid": "1032517882", "highway": "service", "oneway": false, "reversed": "False", "length": 177.66566349000047 }, "geometry": { "type": "LineString", "coordinates": [ [ 76.4692566, 30.966491 ], [ 76.4692415, 30.9673265 ], [ 76.47013, 30.9673489 ] ] } },
{ "type": "Feature", "properties": { "u": 9513418829, "v": 11752291205, "key": 0, "osmid": "1032517877", "highway": "service", "oneway": false, "reversed": "False", "length": 10.816337353934539 }, "geometry": { "type": "LineString", "coordinates": [ [ 76.4704842, 30.9664947 ], [ 76.4705904, 30.9664605 ] ] } },
{ "type": "Feature", "properties": { "u": 9513418829, "v": 9513418826, "key": 0, "osmid": "1032517877", "highway": "service", "oneway": false, "reversed": "True", "length": 117.04779843731446 }, "geometry": { "type": "LineString", "coordinates": [ [ 76.4704842, 30.9664947 ], [ 76.4692566, 30.966491 ] ] } },
{ "type": "Feature", "properties": { "u": 9513418829, "v": 9513069047, "key": 0, "osmid": "1032517882", "highway": "service", "oneway": false, "reversed": "True", "length": 126.34123842384936 }, "geometry": { "type": "LineString", "coordinates": [ [ 76.4704842, 30.9664947 ], [ 76.4704828, 30.9665279 ], [ 76.4704488, 30.9673569 ], [ 76.4701844, 30.9673498 ], [ 76.47013, 30.9673489 ] ] } },
{ "type": "Feature", "properties": { "u": 9513432146, "v": 9513432147, "key": 0, "osmid": "1032519370", "highway": "service", "oneway": false, "reversed": "False", "length": 102.02361048074809 }, "geometry": { "type": "LineString", "coordinates": [ [ 76.4772747, 30.9675258 ], [ 76.4772816, 30.9666083 ] ] } },
{ "type": "Feature", "properties": { "u": 9513432146, "v": 9513432158, "key": 0, "osmid": [ 1032519374, 1032481454 ], "highway": "service", "oneway": false, "reversed": [ false, true ], "length": 103.90255025472865 }, "geometry": { "type": "LineString", "coordinates": [ [ 76.4772747, 30.9675258 ], [ 76.4764803, 30.9675248 ], [ 76.4764744, 30.967778 ] ] } },
{ "type": "Feature", "properties": { "u": 9513432146, "v": 9513432159, "key": 0, "osmid": "1032481454", "highway": "service", "oneway": false, "reversed": "True", "length": 69.264993189419954 }, "geometry": { "type": "LineString", "coordinates": [ [ 76.4772747, 30.9675258 ], [ 76.4775321, 30.96753 ], [ 76.477601, 30.9675431 ], [ 76.4776565, 30.9675759 ], [ 76.4778094, 30.9677317 ], [ 76.4778685, 30.9677939 ] ] } },
{ "type": "Feature", "properties": { "u": 9513432147, "v": 11752291173, "key": 0, "osmid": "1032517877", "highway": "service", "oneway": false, "reversed": "True", "length": 57.202671372944558 }, "geometry": { "type": "LineString", "coordinates": [ [ 76.4772816, 30.9666083 ], [ 76.4766818, 30.9665969 ] ] } },
{ "type": "Feature", "properties": { "u": 9513432147, "v": 9513432146, "key": 0, "osmid": "1032519370", "highway": "service", "oneway": false, "reversed": "True", "length": 102.02361048074809 }, "geometry": { "type": "LineString", "coordinates": [ [ 76.4772816, 30.9666083 ], [ 76.4772747, 30.9675258 ] ] } },
{ "type": "Feature", "properties": { "u": 9513432147, "v": 11752291176, "key": 0, "osmid": "1032517877", "highway": "service", "oneway": false, "reversed": "False", "length": 59.93022473035608 }, "geometry": { "type": "LineString", "coordinates": [ [ 76.4772816, 30.9666083 ], [ 76.4773075, 30.9666088 ], [ 76.4779101, 30.9666153 ] ] } },
{ "type": "Feature", "properties": { "u": 9513432148, "v": 9513432149, "key": 0, "osmid": "1032519371", "highway": "service", "oneway": false, "reversed": "False", "length": 115.37785366760282 }, "geometry": { "type": "LineString", "coordinates": [ [ 76.4764604, 30.9683793 ], [ 76.4776705, 30.9683848 ] ] } },
{ "type": "Feature", "properties": { "u": 9513432148, "v": 9513432160, "key": 0, "osmid": "1032519374", "highway": "service", "oneway": false, "reversed": "False", "length": 32.708911973188791 }, "geometry": { "type": "LineString", "coordinates": [ [ 76.4764604, 30.9683793 ], [ 76.476464, 30.9682237 ], [ 76.4764642, 30.9682169 ], [ 76.4764672, 30.9680852 ] ] } },
{ "type": "Feature", "properties": { "u": 9513432148, "v": 9513432150, "key": 0, "osmid": "1032519374", "highway": "service", "oneway": false, "reversed": "True", "length": 25.618238634909158 }, "geometry": { "type": "LineString", "coordinates": [ [ 76.4764604, 30.9683793 ], [ 76.4764399, 30.9684439 ], [ 76.4764554, 30.9686068 ] ] } },
{ "type": "Feature", "properties": { "u": 9513432149, "v": 11752291196, "key": 0, "osmid": "1032481454", "highway": "service", "oneway": false, "reversed": "False", "length": 12.167179425079041 }, "geometry": { "type": "LineString", "coordinates": [ [ 76.4776705, 30.9683848 ], [ 76.4776879, 30.9682764 ] ] } },
{ "type": "Feature", "properties": { "u": 9513432149, "v": 9513432148, "key": 0, "osmid": "1032519371", "highway": "service", "oneway": false, "reversed": "True", "length": 115.37785366760282 }, "geometry": { "type": "LineString", "coordinates": [ [ 76.4776705, 30.9683848 ], [ 76.4764604, 30.9683793 ] ] } },
{ "type": "Feature", "properties": { "u": 9513432149, "v": 9513432151, "key": 0, "osmid": "1032481454", "highway": "service", "oneway": false, "reversed": "True", "length": 26.914943416319858 }, "geometry": { "type": "LineString", "coordinates": [ [ 76.4776705, 30.9683848 ], [ 76.4776443, 30.968548 ], [ 76.4776362, 30.968625 ] ] } },
{ "type": "Feature", "properties": { "u": 9513432150, "v": 9513432151, "key": 0, "osmid": "1032519372", "highway": "service", "oneway": false, "reversed": "False", "length": 112.6005544799207 }, "geometry": { "type": "LineString", "coordinates": [ [ 76.4764554, 30.9686068 ], [ 76.4776362, 30.968625 ] ] } },
{ "type": "Feature", "properties": { "u": 9513432150, "v": 9513432148, "key": 0, "osmid": "1032519374", "highway": "service", "oneway": false, "reversed": "False", "length": 25.618238634909158 }, "geometry": { "type": "LineString", "coordinates": [ [ 76.4764554, 30.9686068 ], [ 76.4764399, 30.9684439 ], [ 76.4764604, 30.9683793 ] ] } },
{ "type": "Feature", "properties": { "u": 9513432150, "v": 9513432153, "key": 0, "osmid": [ 1032519373, 1032519374 ], "highway": "service", "oneway": false, "reversed": [ false, true ], "length": 151.59978208014525 }, "geometry": { "type": "LineString", "coordinates": [ [ 76.4764554, 30.9686068 ], [ 76.4764492, 30.9689369 ], [ 76.4776542, 30.9689349 ] ] } },
{ "type": "Feature", "properties": { "u": 9513432151, "v": 9513432150, "key": 0, "osmid": "1032519372", "highway": "service", "oneway": false, "reversed": "True", "length": 112.6005544799207 }, "geometry": { "type": "LineString", "coordinates": [ [ 76.4776362, 30.968625 ], [ 76.4764554, 30.9686068 ] ] } },
{ "type": "Feature", "properties": { "u": 9513432151, "v": 9513432149, "key": 0, "osmid": "1032481454", "highway": "service", "oneway": false, "reversed": "False", "length": 26.914943416319858 }, "geometry": { "type": "LineString", "coordinates": [ [ 76.4776362, 30.968625 ], [ 76.4776443, 30.968548 ], [ 76.4776705, 30.9683848 ] ] } },
{ "type": "Feature", "properties": { "u": 9513432151, "v": 9513432153, "key": 0, "osmid": "1032481454", "highway": "service", "oneway": false, "reversed": "True", "length": 34.528174094541185 }, "geometry": { "type": "LineString", "coordinates": [ [ 76.4776362, 30.968625 ], [ 76.4776443, 30.9688657 ], [ 76.4776542, 30.9689349 ] ] } },
{ "type": "Feature", "properties": { "u": 9513432153, "v": 9513432151, "key": 0, "osmid": "1032481454", "highway": "service", "oneway": false, "reversed": "False", "length": 34.528174094541185 }, "geometry": { "type": "LineString", "coordinates": [ [ 76.4776542, 30.9689349 ], [ 76.4776443, 30.9688657 ], [ 76.4776362, 30.968625 ] ] } },
{ "type": "Feature", "properties": { "u": 9513432153, "v": 9513069069, "key": 0, "osmid": "1032481454", "highway": "service", "oneway": false, "reversed": "True", "length": 129.89813720576308 }, "geometry": { "type": "LineString", "coordinates": [ [ 76.4776542, 30.9689349 ], [ 76.4776752, 30.9690819 ], [ 76.477737, 30.969276 ], [ 76.4778347, 30.969479 ], [ 76.4779016, 30.9696025 ], [ 76.4778913, 30.9696511 ], [ 76.4778605, 30.969682 ], [ 76.4774254, 30.9696801 ] ] } },
{ "type": "Feature", "properties": { "u": 9513432153, "v": 9513432150, "key": 0, "osmid": [ 1032519373, 1032519374 ], "highway": "service", "oneway": false, "reversed": [ false, true ], "length": 151.59978208014525 }, "geometry": { "type": "LineString", "coordinates": [ [ 76.4776542, 30.9689349 ], [ 76.4764492, 30.9689369 ], [ 76.4764554, 30.9686068 ] ] } },
{ "type": "Feature", "properties": { "u": 9513432158, "v": 9513432160, "key": 0, "osmid": "1032519374", "highway": "service", "oneway": false, "reversed": "True", "length": 34.166027012634736 }, "geometry": { "type": "LineString", "coordinates": [ [ 76.4764744, 30.967778 ], [ 76.4764672, 30.9680852 ] ] } },
{ "type": "Feature", "properties": { "u": 9513432158, "v": 9513432159, "key": 0, "osmid": "1032519376", "highway": "service", "oneway": false, "reversed": "False", "length": 132.93218613216965 }, "geometry": { "type": "LineString", "coordinates": [ [ 76.4764744, 30.967778 ], [ 76.4778685, 30.9677939 ] ] } },
{ "type": "Feature", "properties": { "u": 9513432158, "v": 9513432146, "key": 0, "osmid": [ 1032481454, 1032519374 ], "highway": "service", "oneway": false, "reversed": [ false, true ], "length": 103.90255025472865 }, "geometry": { "type": "LineString", "coordinates": [ [ 76.4764744, 30.967778 ], [ 76.4764803, 30.9675248 ], [ 76.4772747, 30.9675258 ] ] } },
{ "type": "Feature", "properties": { "u": 9513432159, "v": 9513432158, "key": 0, "osmid": "1032519376", "highway": "service", "oneway": false, "reversed": "True", "length": 132.93218613216965 }, "geometry": { "type": "LineString", "coordinates": [ [ 76.4778685, 30.9677939 ], [ 76.4764744, 30.967778 ] ] } },
{ "type": "Feature", "properties": { "u": 9513432159, "v": 9513432146, "key": 0, "osmid": "1032481454", "highway": "service", "oneway": false, "reversed": "False", "length": 69.264993189419954 }, "geometry": { "type": "LineString", "coordinates": [ [ 76.4778685, 30.9677939 ], [ 76.4778094, 30.9677317 ], [ 76.4776565, 30.9675759 ], [ 76.477601, 30.9675431 ], [ 76.4775321, 30.96753 ], [ 76.4772747, 30.9675258 ] ] } },
{ "type": "Feature", "properties": { "u": 9513432159, "v": 9513432162, "key": 0, "osmid": "1032481454", "highway": "service", "oneway": false, "reversed": "True", "length": 35.549499984234387 }, "geometry": { "type": "LineString", "coordinates": [ [ 76.4778685, 30.9677939 ], [ 76.4778707, 30.9678667 ], [ 76.4778039, 30.9680256 ], [ 76.477769, 30.9680976 ] ] } },
{ "type": "Feature", "properties": { "u": 9513432160, "v": 9513432158, "key": 0, "osmid": "1032519374", "highway": "service", "oneway": false, "reversed": "False", "length": 34.166027012634736 }, "geometry": { "type": "LineString", "coordinates": [ [ 76.4764672, 30.9680852 ], [ 76.4764744, 30.967778 ] ] } },
{ "type": "Feature", "properties": { "u": 9513432160, "v": 9513432148, "key": 0, "osmid": "1032519374", "highway": "service", "oneway": false, "reversed": "True", "length": 32.708911973188791 }, "geometry": { "type": "LineString", "coordinates": [ [ 76.4764672, 30.9680852 ], [ 76.4764642, 30.9682169 ], [ 76.476464, 30.9682237 ], [ 76.4764604, 30.9683793 ] ] } },
{ "type": "Feature", "properties": { "u": 9513432160, "v": 9513432162, "key": 0, "osmid": "1032519377", "highway": "service", "oneway": false, "reversed": "False", "length": 124.12803724832872 }, "geometry": { "type": "LineString", "coordinates": [ [ 76.4764672, 30.9680852 ], [ 76.4774046, 30.9680958 ], [ 76.477769, 30.9680976 ] ] } },
{ "type": "Feature", "properties": { "u": 9513432162, "v": 9513432159, "key": 0, "osmid": "1032481454", "highway": "service", "oneway": false, "reversed": "False", "length": 35.549499984234387 }, "geometry": { "type": "LineString", "coordinates": [ [ 76.477769, 30.9680976 ], [ 76.4778039, 30.9680256 ], [ 76.4778707, 30.9678667 ], [ 76.4778685, 30.9677939 ] ] } },
{ "type": "Feature", "properties": { "u": 9513432162, "v": 11752291196, "key": 0, "osmid": "1032481454", "highway": "service", "oneway": false, "reversed": "True", "length": 21.390194068105185 }, "geometry": { "type": "LineString", "coordinates": [ [ 76.477769, 30.9680976 ], [ 76.4776906, 30.9682594 ], [ 76.4776879, 30.9682764 ] ] } },
{ "type": "Feature", "properties": { "u": 9513432162, "v": 9513432160, "key": 0, "osmid": "1032519377", "highway": "service", "oneway": false, "reversed": "True", "length": 124.12803724832872 }, "geometry": { "type": "LineString", "coordinates": [ [ 76.477769, 30.9680976 ], [ 76.4774046, 30.9680958 ], [ 76.4764672, 30.9680852 ] ] } },
{ "type": "Feature", "properties": { "u": 9513732525, "v": 9513732531, "key": 0, "osmid": "1032552693", "highway": "service", "oneway": false, "reversed": "False", "length": 22.596803354983209 }, "geometry": { "type": "LineString", "coordinates": [ [ 76.4718395, 30.9671755 ], [ 76.4718196, 30.967378 ] ] } },
{ "type": "Feature", "properties": { "u": 9513732525, "v": 9513402277, "key": 0, "osmid": "1032517881", "highway": "service", "oneway": false, "reversed": "False", "length": 98.153415694045094 }, "geometry": { "type": "LineString", "coordinates": [ [ 76.4718395, 30.9671755 ], [ 76.4720663, 30.9671806 ], [ 76.4721167, 30.9671628 ], [ 76.4721316, 30.9671298 ], [ 76.4721406, 30.9665238 ] ] } },
{ "type": "Feature", "properties": { "u": 9513732525, "v": 9513402276, "key": 0, "osmid": "1032517881", "highway": "service", "oneway": false, "reversed": "True", "length": 180.5007435119015 }, "geometry": { "type": "LineString", "coordinates": [ [ 76.4718395, 30.9671755 ], [ 76.4712281, 30.9671616 ], [ 76.4707399, 30.9671505 ], [ 76.4707086, 30.9671448 ], [ 76.4706952, 30.9671237 ], [ 76.4706952, 30.9670375 ], [ 76.4707042, 30.9667962 ], [ 76.4707131, 30.9664953 ] ] } },
{ "type": "Feature", "properties": { "u": 9513732530, "v": 9513069049, "key": 0, "osmid": "1032552694", "highway": "service", "oneway": false, "reversed": "True", "length": 33.574227049905197 }, "geometry": { "type": "LineString", "coordinates": [ [ 76.4716253, 30.9682657 ], [ 76.4715686, 30.9679677 ] ] } },
{ "type": "Feature", "properties": { "u": 9513732530, "v": 9513732537, "key": 0, "osmid": "1032517872", "highway": "service", "oneway": false, "reversed": "False", "length": 17.629837861824903 }, "geometry": { "type": "LineString", "coordinates": [ [ 76.4716253, 30.9682657 ], [ 76.4716645, 30.9682657 ], [ 76.4718102, 30.9682669 ] ] } },
{ "type": "Feature", "properties": { "u": 9513732530, "v": 9513402251, "key": 0, "osmid": "1032517872", "highway": "service", "oneway": false, "reversed": "True", "length": 119.38841074720577 }, "geometry": { "type": "LineString", "coordinates": [ [ 76.4716253, 30.9682657 ], [ 76.4710985, 30.9682657 ], [ 76.4710676, 30.9682812 ], [ 76.4710561, 30.9688724 ] ] } },
{ "type": "Feature", "properties": { "u": 9513732531, "v": 9513732525, "key": 0, "osmid": "1032552693", "highway": "service", "oneway": false, "reversed": "True", "length": 22.596803354983209 }, "geometry": { "type": "LineString", "coordinates": [ [ 76.4718196, 30.967378 ], [ 76.4718395, 30.9671755 ] ] } },
{ "type": "Feature", "properties": { "u": 9513732531, "v": 9513069049, "key": 0, "osmid": "1032552693", "highway": "service", "oneway": false, "reversed": "False", "length": 77.680055544138924 }, "geometry": { "type": "LineString", "coordinates": [ [ 76.4718196, 30.967378 ], [ 76.4717813, 30.9674405 ], [ 76.4716038, 30.9676303 ], [ 76.4714803, 30.9678399 ], [ 76.4714931, 30.9678752 ], [ 76.4715686, 30.9679677 ] ] } },
{ "type": "Feature", "properties": { "u": 9513732531, "v": 9513732537, "key": 0, "osmid": "1032552695", "highway": "service", "oneway": false, "reversed": "False", "length": 167.66709035351761 }, "geometry": { "type": "LineString", "coordinates": [ [ 76.4718196, 30.967378 ], [ 76.4721014, 30.9673901 ], [ 76.4724601, 30.96762 ], [ 76.4721475, 30.9679493 ], [ 76.4718415, 30.9681332 ], [ 76.4718281, 30.9681638 ], [ 76.4718102, 30.9682669 ] ] } },
{ "type": "Feature", "properties": { "u": 9513732537, "v": 9513402252, "key": 0, "osmid": "1032517872", "highway": "service", "oneway": false, "reversed": "False", "length": 58.826282979645015 }, "geometry": { "type": "LineString", "coordinates": [ [ 76.4718102, 30.9682669 ], [ 76.4722079, 30.9682701 ], [ 76.4722388, 30.9682922 ], [ 76.4722385, 30.9683162 ], [ 76.4722367, 30.9684457 ] ] } },
{ "type": "Feature", "properties": { "u": 9513732537, "v": 9513732530, "key": 0, "osmid": "1032517872", "highway": "service", "oneway": false, "reversed": "True", "length": 17.629837861824903 }, "geometry": { "type": "LineString", "coordinates": [ [ 76.4718102, 30.9682669 ], [ 76.4716645, 30.9682657 ], [ 76.4716253, 30.9682657 ] ] } },
{ "type": "Feature", "properties": { "u": 9513732537, "v": 9513732531, "key": 0, "osmid": "1032552695", "highway": "service", "oneway": false, "reversed": "True", "length": 167.66709035351761 }, "geometry": { "type": "LineString", "coordinates": [ [ 76.4718102, 30.9682669 ], [ 76.4718281, 30.9681638 ], [ 76.4718415, 30.9681332 ], [ 76.4721475, 30.9679493 ], [ 76.4724601, 30.96762 ], [ 76.4721014, 30.9673901 ], [ 76.4718196, 30.967378 ] ] } },
{ "type": "Feature", "properties": { "u": 9513732574, "v": 9513732585, "key": 0, "osmid": "1032552703", "highway": "service", "oneway": false, "reversed": "False", "length": 45.262119248697594 }, "geometry": { "type": "LineString", "coordinates": [ [ 76.4728926, 30.971354 ], [ 76.4733673, 30.9713591 ] ] } },
{ "type": "Feature", "properties": { "u": 9513732574, "v": 9513732606, "key": 0, "osmid": "1032552701", "highway": "service", "oneway": false, "reversed": "False", "length": 24.935543073505162 }, "geometry": { "type": "LineString", "coordinates": [ [ 76.4728926, 30.971354 ], [ 76.4729282, 30.9712879 ], [ 76.4729324, 30.9711365 ] ] } },
{ "type": "Feature", "properties": { "u": 9513732576, "v": 9513732606, "key": 0, "osmid": "1032552701", "highway": "service", "oneway": false, "reversed": "True", "length": 18.174569056026051 }, "geometry": { "type": "LineString", "coordinates": [ [ 76.472937, 30.9709731 ], [ 76.4729324, 30.9711365 ] ] } },
{ "type": "Feature", "properties": { "u": 9513732576, "v": 9513069019, "key": 0, "osmid": "1032481447", "highway": "service", "oneway": false, "reversed": "False", "length": 206.76969718031938 }, "geometry": { "type": "LineString", "coordinates": [ [ 76.472937, 30.9709731 ], [ 76.4724055, 30.9709631 ], [ 76.4723042, 30.9709161 ], [ 76.4722892, 30.97087 ], [ 76.4723047, 30.969613 ] ] } },
{ "type": "Feature", "properties": { "u": 9513732576, "v": 9513732584, "key": 0, "osmid": [ 1032481446, 1032481447 ], "highway": "service", "oneway": false, "reversed": [ false, true ], "length": 37.311312988784479 }, "geometry": { "type": "LineString", "coordinates": [ [ 76.472937, 30.9709731 ], [ 76.4731211, 30.9709765 ], [ 76.4733283, 30.9709765 ] ] } },
{ "type": "Feature", "properties": { "u": 9513732584, "v": 9513732607, "key": 0, "osmid": "1032552702", "highway": "service", "oneway": false, "reversed": "True", "length": 27.183584976046372 }, "geometry": { "type": "LineString", "coordinates": [ [ 76.4733283, 30.9709765 ], [ 76.4733216, 30.9712209 ] ] } },
{ "type": "Feature", "properties": { "u": 9513732584, "v": 9513069015, "key": 0, "osmid": "1032481446", "highway": "service", "oneway": false, "reversed": "False", "length": 208.31158142403308 }, "geometry": { "type": "LineString", "coordinates": [ [ 76.4733283, 30.9709765 ], [ 76.4739123, 30.9709765 ], [ 76.4739561, 30.9709534 ], [ 76.4739999, 30.9708957 ], [ 76.4740327, 30.9696363 ] ] } },
{ "type": "Feature", "properties": { "u": 9513732584, "v": 9513732576, "key": 0, "osmid": [ 1032481446, 1032481447 ], "highway": "service", "oneway": false, "reversed": [ false, true ], "length": 37.311312988784479 }, "geometry": { "type": "LineString", "coordinates": [ [ 76.4733283, 30.9709765 ], [ 76.4731211, 30.9709765 ], [ 76.472937, 30.9709731 ] ] } },
{ "type": "Feature", "properties": { "u": 9513732585, "v": 9513732574, "key": 0, "osmid": "1032552703", "highway": "service", "oneway": false, "reversed": "True", "length": 45.262119248697594 }, "geometry": { "type": "LineString", "coordinates": [ [ 76.4733673, 30.9713591 ], [ 76.4728926, 30.971354 ] ] } },
{ "type": "Feature", "properties": { "u": 9513732585, "v": 9513732607, "key": 0, "osmid": "1032552702", "highway": "service", "oneway": false, "reversed": "False", "length": 17.089997774829008 }, "geometry": { "type": "LineString", "coordinates": [ [ 76.4733673, 30.9713591 ], [ 76.4733372, 30.9713388 ], [ 76.4733194, 30.9713006 ], [ 76.4733216, 30.9712209 ] ] } },
{ "type": "Feature", "properties": { "u": 9513732586, "v": 9513732606, "key": 0, "osmid": "1032552704", "highway": "path", "oneway": false, "reversed": "False", "length": 224.39422747939443 }, "geometry": { "type": "LineString", "coordinates": [ [ 76.4722121, 30.9696494 ], [ 76.4721986, 30.9696898 ], [ 76.4722239, 30.969723 ], [ 76.4722222, 30.9699078 ], [ 76.4722138, 30.9702281 ], [ 76.472207, 30.9705349 ], [ 76.4721986, 30.9708705 ], [ 76.4722138, 30.9709124 ], [ 76.4722508, 30.9709586 ], [ 76.4722845, 30.970986 ], [ 76.4723265, 30.9710091 ], [ 76.4723737, 30.9710206 ], [ 76.4725336, 30.9710264 ], [ 76.4726464, 30.9710264 ], [ 76.4728114, 30.9710264 ], [ 76.4728568, 30.9710452 ], [ 76.4728669, 30.9710596 ], [ 76.4728669, 30.9711159 ], [ 76.4728669, 30.9711318 ], [ 76.4729006, 30.9711347 ], [ 76.4729324, 30.9711365 ] ] } },
{ "type": "Feature", "properties": { "u": 9513732606, "v": 9513732576, "key": 0, "osmid": "1032552701", "highway": "service", "oneway": false, "reversed": "False", "length": 18.174569056026051 }, "geometry": { "type": "LineString", "coordinates": [ [ 76.4729324, 30.9711365 ], [ 76.472937, 30.9709731 ] ] } },
{ "type": "Feature", "properties": { "u": 9513732606, "v": 9513732574, "key": 0, "osmid": "1032552701", "highway": "service", "oneway": false, "reversed": "True", "length": 24.935543073505162 }, "geometry": { "type": "LineString", "coordinates": [ [ 76.4729324, 30.9711365 ], [ 76.4729282, 30.9712879 ], [ 76.4728926, 30.971354 ] ] } },
{ "type": "Feature", "properties": { "u": 9513732606, "v": 9513732586, "key": 0, "osmid": "1032552704", "highway": "path", "oneway": false, "reversed": "True", "length": 224.3942274793944 }, "geometry": { "type": "LineString", "coordinates": [ [ 76.4729324, 30.9711365 ], [ 76.4729006, 30.9711347 ], [ 76.4728669, 30.9711318 ], [ 76.4728669, 30.9711159 ], [ 76.4728669, 30.9710596 ], [ 76.4728568, 30.9710452 ], [ 76.4728114, 30.9710264 ], [ 76.4726464, 30.9710264 ], [ 76.4725336, 30.9710264 ], [ 76.4723737, 30.9710206 ], [ 76.4723265, 30.9710091 ], [ 76.4722845, 30.970986 ], [ 76.4722508, 30.9709586 ], [ 76.4722138, 30.9709124 ], [ 76.4721986, 30.9708705 ], [ 76.472207, 30.9705349 ], [ 76.4722138, 30.9702281 ], [ 76.4722222, 30.9699078 ], [ 76.4722239, 30.969723 ], [ 76.4721986, 30.9696898 ], [ 76.4722121, 30.9696494 ] ] } },
{ "type": "Feature", "properties": { "u": 9513732607, "v": 9513732584, "key": 0, "osmid": "1032552702", "highway": "service", "oneway": false, "reversed": "False", "length": 27.183584976046372 }, "geometry": { "type": "LineString", "coordinates": [ [ 76.4733216, 30.9712209 ], [ 76.4733283, 30.9709765 ] ] } },
{ "type": "Feature", "properties": { "u": 9513732607, "v": 9513732585, "key": 0, "osmid": "1032552702", "highway": "service", "oneway": false, "reversed": "True", "length": 17.089997774829008 }, "geometry": { "type": "LineString", "coordinates": [ [ 76.4733216, 30.9712209 ], [ 76.4733194, 30.9713006 ], [ 76.4733372, 30.9713388 ], [ 76.4733673, 30.9713591 ] ] } },
{ "type": "Feature", "properties": { "u": 9514211682, "v": 9513402256, "key": 0, "osmid": "1032517873", "highway": "service", "oneway": false, "reversed": "False", "length": 80.576476266530079 }, "geometry": { "type": "LineString", "coordinates": [ [ 76.4743819, 30.9689085 ], [ 76.4746578, 30.9689128 ], [ 76.4752269, 30.9689204 ] ] } },
{ "type": "Feature", "properties": { "u": 9514211682, "v": 9514233028, "key": 0, "osmid": "1032517873", "highway": "service", "oneway": false, "reversed": "True", "length": 28.463433299061393 }, "geometry": { "type": "LineString", "coordinates": [ [ 76.4743819, 30.9689085 ], [ 76.4741682, 30.9689052 ], [ 76.4741697, 30.9688325 ] ] } },
{ "type": "Feature", "properties": { "u": 9514211682, "v": 9514211686, "key": 0, "osmid": "1032618604", "highway": "path", "oneway": false, "reversed": "False", "length": 67.607377160968838 }, "geometry": { "type": "LineString", "coordinates": [ [ 76.4743819, 30.9689085 ], [ 76.4743835, 30.9690567 ], [ 76.4744043, 30.9692348 ], [ 76.4743887, 30.9692511 ], [ 76.4740858, 30.9692526 ] ] } },
{ "type": "Feature", "properties": { "u": 9514211686, "v": 9514211682, "key": 0, "osmid": "1032618604", "highway": "path", "oneway": false, "reversed": "True", "length": 67.607377160968838 }, "geometry": { "type": "LineString", "coordinates": [ [ 76.4740858, 30.9692526 ], [ 76.4743887, 30.9692511 ], [ 76.4744043, 30.9692348 ], [ 76.4743835, 30.9690567 ], [ 76.4743819, 30.9689085 ] ] } },
{ "type": "Feature", "properties": { "u": 9514211706, "v": 11752274354, "key": 0, "osmid": "1032618607", "highway": "service", "oneway": false, "reversed": "False", "length": 110.13082298800363 }, "geometry": { "type": "LineString", "coordinates": [ [ 76.4794355, 30.9654034 ], [ 76.4793934, 30.9653222 ], [ 76.4791161, 30.9651325 ], [ 76.4785989, 30.9648896 ], [ 76.4785049, 30.9648458 ] ] } },
{ "type": "Feature", "properties": { "u": 9514211706, "v": 11752291180, "key": 0, "osmid": [ 1032517877, 1032618607 ], "highway": "service", "oneway": false, "reversed": "True", "length": 214.05217183270031 }, "geometry": { "type": "LineString", "coordinates": [ [ 76.4794355, 30.9654034 ], [ 76.479639, 30.9660746 ], [ 76.4797057, 30.9663183 ], [ 76.4797408, 30.966532 ], [ 76.4797537, 30.9666397 ], [ 76.4795072, 30.9666346 ], [ 76.4789875, 30.9666277 ] ] } },
{ "type": "Feature", "properties": { "u": 9514211706, "v": 11752274365, "key": 0, "osmid": "1265064892", "highway": "service", "oneway": false, "reversed": "False", "length": 176.51116380304768 }, "geometry": { "type": "LineString", "coordinates": [ [ 76.4794355, 30.9654034 ], [ 76.4807675, 30.965424 ], [ 76.4811419, 30.9652742 ], [ 76.4812467, 30.9652871 ] ] } },
{ "type": "Feature", "properties": { "u": 9514233025, "v": 9514233029, "key": 0, "osmid": "1032618612", "highway": "path", "oneway": false, "reversed": "False", "length": 22.870367905137446 }, "geometry": { "type": "LineString", "coordinates": [ [ 76.4731446, 30.9690214 ], [ 76.4731512, 30.9688158 ] ] } },
{ "type": "Feature", "properties": { "u": 9514233025, "v": 9513069015, "key": 0, "osmid": "1032481449", "highway": "service", "oneway": false, "reversed": "False", "length": 147.39515660828135 }, "geometry": { "type": "LineString", "coordinates": [ [ 76.4731446, 30.9690214 ], [ 76.4738955, 30.9690306 ], [ 76.4739808, 30.9690439 ], [ 76.4740312, 30.9691005 ], [ 76.474039, 30.9691902 ], [ 76.4740327, 30.9696363 ] ] } },
{ "type": "Feature", "properties": { "u": 9514233025, "v": 9513402263, "key": 0, "osmid": "1032481449", "highway": "service", "oneway": false, "reversed": "True", "length": 102.36900525240954 }, "geometry": { "type": "LineString", "coordinates": [ [ 76.4731446, 30.9690214 ], [ 76.4725381, 30.969014 ], [ 76.4724351, 30.969014 ], [ 76.4723903, 30.9690254 ], [ 76.4723521, 30.9690467 ], [ 76.4723189, 30.9690838 ], [ 76.4723089, 30.9691136 ], [ 76.4723089, 30.9692111 ], [ 76.4723083, 30.9692689 ] ] } },
{ "type": "Feature", "properties": { "u": 9514233026, "v": 9513402252, "key": 0, "osmid": "1032517873", "highway": "service", "oneway": false, "reversed": "True", "length": 88.301235143405322 }, "geometry": { "type": "LineString", "coordinates": [ [ 76.4731628, 30.9684521 ], [ 76.4722367, 30.9684457 ] ] } },
{ "type": "Feature", "properties": { "u": 9514233026, "v": 9514233029, "key": 0, "osmid": "1032618612", "highway": "path", "oneway": false, "reversed": "True", "length": 40.456772368435431 }, "geometry": { "type": "LineString", "coordinates": [ [ 76.4731628, 30.9684521 ], [ 76.4731512, 30.9688158 ] ] } },
{ "type": "Feature", "properties": { "u": 9514233026, "v": 9514233028, "key": 0, "osmid": "1032517873", "highway": "service", "oneway": false, "reversed": "False", "length": 138.25649632385711 }, "geometry": { "type": "LineString", "coordinates": [ [ 76.4731628, 30.9684521 ], [ 76.4741773, 30.9684591 ], [ 76.4741697, 30.9688325 ] ] } },
{ "type": "Feature", "properties": { "u": 9514233027, "v": 9513402252, "key": 0, "osmid": "1032517872", "highway": "service", "oneway": false, "reversed": "True", "length": 39.498824037940878 }, "geometry": { "type": "LineString", "coordinates": [ [ 76.4722322, 30.9688009 ], [ 76.4722367, 30.9684457 ] ] } },
{ "type": "Feature", "properties": { "u": 9514233027, "v": 9514233029, "key": 0, "osmid": "1032618613", "highway": "path", "oneway": false, "reversed": "False", "length": 87.636755580733578 }, "geometry": { "type": "LineString", "coordinates": [ [ 76.4722322, 30.9688009 ], [ 76.4731512, 30.9688158 ] ] } },
{ "type": "Feature", "properties": { "u": 9514233027, "v": 9513402251, "key": 0, "osmid": "1032517872", "highway": "service", "oneway": false, "reversed": "False", "length": 121.23619049639217 }, "geometry": { "type": "LineString", "coordinates": [ [ 76.4722322, 30.9688009 ], [ 76.472231, 30.968879 ], [ 76.4722027, 30.9688945 ], [ 76.4715878, 30.9688812 ], [ 76.4710561, 30.9688724 ] ] } },
{ "type": "Feature", "properties": { "u": 9514233028, "v": 9514233029, "key": 0, "osmid": "1032618613", "highway": "path", "oneway": false, "reversed": "True", "length": 97.125553507049759 }, "geometry": { "type": "LineString", "coordinates": [ [ 76.4741697, 30.9688325 ], [ 76.4731512, 30.9688158 ] ] } },
{ "type": "Feature", "properties": { "u": 9514233028, "v": 9514211682, "key": 0, "osmid": "1032517873", "highway": "service", "oneway": false, "reversed": "False", "length": 28.463433299061393 }, "geometry": { "type": "LineString", "coordinates": [ [ 76.4741697, 30.9688325 ], [ 76.4741682, 30.9689052 ], [ 76.4743819, 30.9689085 ] ] } },
{ "type": "Feature", "properties": { "u": 9514233028, "v": 9514233026, "key": 0, "osmid": "1032517873", "highway": "service", "oneway": false, "reversed": "True", "length": 138.25649632385711 }, "geometry": { "type": "LineString", "coordinates": [ [ 76.4741697, 30.9688325 ], [ 76.4741773, 30.9684591 ], [ 76.4731628, 30.9684521 ] ] } },
{ "type": "Feature", "properties": { "u": 9514233029, "v": 9514233026, "key": 0, "osmid": "1032618612", "highway": "path", "oneway": false, "reversed": "False", "length": 40.456772368435431 }, "geometry": { "type": "LineString", "coordinates": [ [ 76.4731512, 30.9688158 ], [ 76.4731628, 30.9684521 ] ] } },
{ "type": "Feature", "properties": { "u": 9514233029, "v": 9514233025, "key": 0, "osmid": "1032618612", "highway": "path", "oneway": false, "reversed": "True", "length": 22.870367905137446 }, "geometry": { "type": "LineString", "coordinates": [ [ 76.4731512, 30.9688158 ], [ 76.4731446, 30.9690214 ] ] } },
{ "type": "Feature", "properties": { "u": 9514233029, "v": 9514233028, "key": 0, "osmid": "1032618613", "highway": "path", "oneway": false, "reversed": "False", "length": 97.125553507049759 }, "geometry": { "type": "LineString", "coordinates": [ [ 76.4731512, 30.9688158 ], [ 76.4741697, 30.9688325 ] ] } },
{ "type": "Feature", "properties": { "u": 9514233029, "v": 9514233027, "key": 0, "osmid": "1032618613", "highway": "path", "oneway": false, "reversed": "True", "length": 87.636755580733578 }, "geometry": { "type": "LineString", "coordinates": [ [ 76.4731512, 30.9688158 ], [ 76.4722322, 30.9688009 ] ] } },
{ "type": "Feature", "properties": { "u": 9516401595, "v": 11066077902, "key": 0, "osmid": "1032481450", "highway": "service", "oneway": false, "reversed": "False", "length": 96.547054579072736 }, "geometry": { "type": "LineString", "coordinates": [ [ 76.4674295, 30.9694793 ], [ 76.4675539, 30.9695052 ], [ 76.4678628, 30.9695178 ], [ 76.4683034, 30.9695126 ], [ 76.4684381, 30.9695146 ] ] } },
{ "type": "Feature", "properties": { "u": 9516401595, "v": 9513069037, "key": 0, "osmid": "1032481450", "highway": "service", "oneway": false, "reversed": "True", "length": 62.276952640663794 }, "geometry": { "type": "LineString", "coordinates": [ [ 76.4674295, 30.9694793 ], [ 76.4673234, 30.969465 ], [ 76.4670203, 30.9693342 ], [ 76.4668369, 30.9692529 ] ] } },
{ "type": "Feature", "properties": { "u": 9516401595, "v": 11064569386, "key": 0, "osmid": "1032886633", "highway": "service", "oneway": false, "reversed": "False", "length": 74.49830422498394 }, "geometry": { "type": "LineString", "coordinates": [ [ 76.4674295, 30.9694793 ], [ 76.4675144, 30.9693442 ], [ 76.4676646, 30.9690375 ], [ 76.4676917, 30.9689595 ], [ 76.4677151, 30.968859 ] ] } },
{ "type": "Feature", "properties": { "u": 10939627765, "v": 11752291180, "key": 0, "osmid": "1032517877", "highway": "service", "oneway": false, "reversed": "False", "length": 29.904022630214854 }, "geometry": { "type": "LineString", "coordinates": [ [ 76.4786739, 30.9666236 ], [ 76.4789875, 30.9666277 ] ] } },
{ "type": "Feature", "properties": { "u": 10939627765, "v": 11752291176, "key": 0, "osmid": "1032517877", "highway": "service", "oneway": false, "reversed": "True", "length": 72.831228789744145 }, "geometry": { "type": "LineString", "coordinates": [ [ 76.4786739, 30.9666236 ], [ 76.4779101, 30.9666153 ] ] } },
{ "type": "Feature", "properties": { "u": 10939627765, "v": 10939627766, "key": 0, "osmid": "1177559083", "highway": "service", "oneway": false, "reversed": "True", "length": 185.42994664221391 }, "geometry": { "type": "LineString", "coordinates": [ [ 76.4786739, 30.9666236 ], [ 76.4786625, 30.9667956 ], [ 76.4786531, 30.9672107 ], [ 76.4786625, 30.9678627 ], [ 76.4786813, 30.9682905 ] ] } },
{ "type": "Feature", "properties": { "u": 10939627766, "v": 11752291196, "key": 0, "osmid": "1265064905", "highway": "service", "oneway": false, "reversed": "True", "length": 94.728179401409179 }, "geometry": { "type": "LineString", "coordinates": [ [ 76.4786813, 30.9682905 ], [ 76.4776879, 30.9682764 ] ] } },
{ "type": "Feature", "properties": { "u": 10939627766, "v": 10939627765, "key": 0, "osmid": "1177559083", "highway": "service", "oneway": false, "reversed": "False", "length": 185.42994664221391 }, "geometry": { "type": "LineString", "coordinates": [ [ 76.4786813, 30.9682905 ], [ 76.4786625, 30.9678627 ], [ 76.4786531, 30.9672107 ], [ 76.4786625, 30.9667956 ], [ 76.4786739, 30.9666236 ] ] } },
{ "type": "Feature", "properties": { "u": 10939627766, "v": 11752274365, "key": 0, "osmid": [ 1265064905, 1265064906 ], "highway": "service", "oneway": false, "reversed": [ false, true ], "length": 582.30294935891618 }, "geometry": { "type": "LineString", "coordinates": [ [ 76.4786813, 30.9682905 ], [ 76.4805907, 30.9683548 ], [ 76.4810389, 30.9684769 ], [ 76.4811955, 30.9657971 ], [ 76.4812467, 30.9652871 ] ] } },
{ "type": "Feature", "properties": { "u": 11052493591, "v": 11052493600, "key": 0, "osmid": "1032481450", "highway": "service", "oneway": false, "reversed": "False", "length": 34.068855397827406 }, "geometry": { "type": "LineString", "coordinates": [ [ 76.4652801, 30.9692533 ], [ 76.4656374, 30.9692571 ] ] } },
{ "type": "Feature", "properties": { "u": 11052493591, "v": 9513069040, "key": 0, "osmid": "1032481450", "highway": "service", "oneway": false, "reversed": "True", "length": 10.831844559584887 }, "geometry": { "type": "LineString", "coordinates": [ [ 76.4652801, 30.9692533 ], [ 76.4651665, 30.9692521 ] ] } },
{ "type": "Feature", "properties": { "u": 11052493591, "v": 11052493597, "key": 0, "osmid": "1190346885", "highway": "service", "oneway": false, "reversed": "False", "length": 19.382411318897482 }, "geometry": { "type": "LineString", "coordinates": [ [ 76.4652801, 30.9692533 ], [ 76.4652534, 30.9690805 ] ] } },
{ "type": "Feature", "properties": { "u": 11052493596, "v": 11064569384, "key": 0, "osmid": "1190346885", "highway": "service", "oneway": false, "reversed": "True", "length": 4.9324057345863492 }, "geometry": { "type": "LineString", "coordinates": [ [ 76.4676943, 30.9681733 ], [ 76.4676428, 30.9681691 ] ] } },
{ "type": "Feature", "properties": { "u": 11052493596, "v": 9513402274, "key": 0, "osmid": "1032886633", "highway": "service", "oneway": false, "reversed": "False", "length": 212.29049391522437 }, "geometry": { "type": "LineString", "coordinates": [ [ 76.4676943, 30.9681733 ], [ 76.4676736, 30.9681177 ], [ 76.4675504, 30.9678806 ], [ 76.4673813, 30.967604 ], [ 76.4669615, 30.9669234 ], [ 76.466681, 30.9664748 ] ] } },
{ "type": "Feature", "properties": { "u": 11052493596, "v": 11064569386, "key": 0, "osmid": "1032886633", "highway": "service", "oneway": false, "reversed": "True", "length": 76.803940409990389 }, "geometry": { "type": "LineString", "coordinates": [ [ 76.4676943, 30.9681733 ], [ 76.4677097, 30.9682148 ], [ 76.4677367, 30.9683823 ], [ 76.4677427, 30.9686245 ], [ 76.4677157, 30.9688281 ], [ 76.4677151, 30.968859 ] ] } },
{ "type": "Feature", "properties": { "u": 11052493597, "v": 11052493591, "key": 0, "osmid": "1190346885", "highway": "service", "oneway": false, "reversed": "True", "length": 19.382411318897482 }, "geometry": { "type": "LineString", "coordinates": [ [ 76.4652534, 30.9690805 ], [ 76.4652801, 30.9692533 ] ] } },
{ "type": "Feature", "properties": { "u": 11052493597, "v": 11052493601, "key": 0, "osmid": "1190346886", "highway": "service", "oneway": false, "reversed": "False", "length": 36.379330426628293 }, "geometry": { "type": "LineString", "coordinates": [ [ 76.4652534, 30.9690805 ], [ 76.4656349, 30.9690863 ] ] } },
{ "type": "Feature", "properties": { "u": 11052493597, "v": 11752274324, "key": 0, "osmid": "1190346885", "highway": "service", "oneway": false, "reversed": "False", "length": 157.58082041962348 }, "geometry": { "type": "LineString", "coordinates": [ [ 76.4652534, 30.9690805 ], [ 76.4650953, 30.9680586 ], [ 76.4655458, 30.9680626 ] ] } },
{ "type": "Feature", "properties": { "u": 11052493599, "v": 9513069037, "key": 0, "osmid": "1190346886", "highway": "service", "oneway": false, "reversed": "False", "length": 8.4423130300205411 }, "geometry": { "type": "LineString", "coordinates": [ [ 76.4668391, 30.969177 ], [ 76.4668369, 30.9692529 ] ] } },
{ "type": "Feature", "properties": { "u": 11052493599, "v": 11052517106, "key": 0, "osmid": "1190346886", "highway": "service", "oneway": false, "reversed": "True", "length": 32.894191374796478 }, "geometry": { "type": "LineString", "coordinates": [ [ 76.4668391, 30.969177 ], [ 76.466756, 30.9691034 ], [ 76.4665305, 30.9691 ] ] } },
{ "type": "Feature", "properties": { "u": 11052493599, "v": 11064569385, "key": 0, "osmid": "1191758346", "highway": "service", "oneway": false, "reversed": "False", "length": 95.394672553020669 }, "geometry": { "type": "LineString", "coordinates": [ [ 76.4668391, 30.969177 ], [ 76.4671141, 30.9691898 ], [ 76.4674185, 30.969208 ], [ 76.4674937, 30.9688537 ] ] } },
{ "type": "Feature", "properties": { "u": 11052493600, "v": 11052493591, "key": 0, "osmid": "1032481450", "highway": "service", "oneway": false, "reversed": "True", "length": 34.068855397827406 }, "geometry": { "type": "LineString", "coordinates": [ [ 76.4656374, 30.9692571 ], [ 76.4652801, 30.9692533 ] ] } },
{ "type": "Feature", "properties": { "u": 11052493600, "v": 11052493601, "key": 0, "osmid": "1190346887", "highway": "service", "oneway": false, "reversed": "False", "length": 18.993615993116954 }, "geometry": { "type": "LineString", "coordinates": [ [ 76.4656374, 30.9692571 ], [ 76.4656349, 30.9690863 ] ] } },
{ "type": "Feature", "properties": { "u": 11052493600, "v": 9513069037, "key": 0, "osmid": "1032481450", "highway": "service", "oneway": false, "reversed": "False", "length": 114.36789841260889 }, "geometry": { "type": "LineString", "coordinates": [ [ 76.4656374, 30.9692571 ], [ 76.4657936, 30.9692588 ], [ 76.4668369, 30.9692529 ] ] } },
{ "type": "Feature", "properties": { "u": 11052493601, "v": 11052493602, "key": 0, "osmid": "1190346886", "highway": "service", "oneway": false, "reversed": "False", "length": 50.061479269673043 }, "geometry": { "type": "LineString", "coordinates": [ [ 76.4656349, 30.9690863 ], [ 76.4661599, 30.9690933 ] ] } },
{ "type": "Feature", "properties": { "u": 11052493601, "v": 11052493597, "key": 0, "osmid": "1190346886", "highway": "service", "oneway": false, "reversed": "True", "length": 36.379330426628293 }, "geometry": { "type": "LineString", "coordinates": [ [ 76.4656349, 30.9690863 ], [ 76.4652534, 30.9690805 ] ] } },
{ "type": "Feature", "properties": { "u": 11052493601, "v": 11052493600, "key": 0, "osmid": "1190346887", "highway": "service", "oneway": false, "reversed": "True", "length": 18.993615993116954 }, "geometry": { "type": "LineString", "coordinates": [ [ 76.4656349, 30.9690863 ], [ 76.4656374, 30.9692571 ] ] } },
{ "type": "Feature", "properties": { "u": 11052493602, "v": 11052517106, "key": 0, "osmid": "1190346886", "highway": "service", "oneway": false, "reversed": "False", "length": 35.342215494066778 }, "geometry": { "type": "LineString", "coordinates": [ [ 76.4661599, 30.9690933 ], [ 76.4665305, 30.9691 ] ] } },
{ "type": "Feature", "properties": { "u": 11052493602, "v": 11052493601, "key": 0, "osmid": "1190346886", "highway": "service", "oneway": false, "reversed": "True", "length": 50.061479269673043 }, "geometry": { "type": "LineString", "coordinates": [ [ 76.4661599, 30.9690933 ], [ 76.4656349, 30.9690863 ] ] } },
{ "type": "Feature", "properties": { "u": 11052493602, "v": 11052493603, "key": 0, "osmid": "1190346888", "highway": "service", "oneway": false, "reversed": "False", "length": 87.695978764693749 }, "geometry": { "type": "LineString", "coordinates": [ [ 76.4661599, 30.9690933 ], [ 76.4663215, 30.9683169 ] ] } },
{ "type": "Feature", "properties": { "u": 11052493603, "v": 11052493604, "key": 0, "osmid": "1190346888", "highway": "service", "oneway": false, "reversed": "False", "length": 27.796193107114266 }, "geometry": { "type": "LineString", "coordinates": [ [ 76.4663215, 30.9683169 ], [ 76.4663671, 30.96807 ] ] } },
{ "type": "Feature", "properties": { "u": 11052493603, "v": 11052493602, "key": 0, "osmid": "1190346888", "highway": "service", "oneway": false, "reversed": "True", "length": 87.695978764693749 }, "geometry": { "type": "LineString", "coordinates": [ [ 76.4663215, 30.9683169 ], [ 76.4661599, 30.9690933 ] ] } },
{ "type": "Feature", "properties": { "u": 11052493603, "v": 11052517106, "key": 0, "osmid": "1190346889", "highway": "service", "oneway": false, "reversed": "False", "length": 90.442204662275174 }, "geometry": { "type": "LineString", "coordinates": [ [ 76.4663215, 30.9683169 ], [ 76.4664261, 30.9684732 ], [ 76.4665305, 30.9691 ] ] } },
{ "type": "Feature", "properties": { "u": 11052493604, "v": 11752274324, "key": 0, "osmid": "1190346885", "highway": "service", "oneway": false, "reversed": "True", "length": 78.310920376212422 }, "geometry": { "type": "LineString", "coordinates": [ [ 76.4663671, 30.96807 ], [ 76.4655458, 30.9680626 ] ] } },
{ "type": "Feature", "properties": { "u": 11052493604, "v": 11052493603, "key": 0, "osmid": "1190346888", "highway": "service", "oneway": false, "reversed": "True", "length": 27.796193107114266 }, "geometry": { "type": "LineString", "coordinates": [ [ 76.4663671, 30.96807 ], [ 76.4663215, 30.9683169 ] ] } },
{ "type": "Feature", "properties": { "u": 11052493604, "v": 11064569384, "key": 0, "osmid": "1190346885", "highway": "service", "oneway": false, "reversed": "False", "length": 122.49292112081508 }, "geometry": { "type": "LineString", "coordinates": [ [ 76.4663671, 30.96807 ], [ 76.46687, 30.9680745 ], [ 76.4669994, 30.9680956 ], [ 76.4671966, 30.9681326 ], [ 76.4676428, 30.9681691 ] ] } },
{ "type": "Feature", "properties": { "u": 11052517106, "v": 11052493602, "key": 0, "osmid": "1190346886", "highway": "service", "oneway": false, "reversed": "True", "length": 35.342215494066778 }, "geometry": { "type": "LineString", "coordinates": [ [ 76.4665305, 30.9691 ], [ 76.4661599, 30.9690933 ] ] } },
{ "type": "Feature", "properties": { "u": 11052517106, "v": 11052493599, "key": 0, "osmid": "1190346886", "highway": "service", "oneway": false, "reversed": "False", "length": 32.894191374796478 }, "geometry": { "type": "LineString", "coordinates": [ [ 76.4665305, 30.9691 ], [ 76.466756, 30.9691034 ], [ 76.4668391, 30.969177 ] ] } },
{ "type": "Feature", "properties": { "u": 11052517106, "v": 11052493603, "key": 0, "osmid": "1190346889", "highway": "service", "oneway": false, "reversed": "True", "length": 90.442204662275174 }, "geometry": { "type": "LineString", "coordinates": [ [ 76.4665305, 30.9691 ], [ 76.4664261, 30.9684732 ], [ 76.4663215, 30.9683169 ] ] } },
{ "type": "Feature", "properties": { "u": 11064569384, "v": 11052493596, "key": 0, "osmid": "1190346885", "highway": "service", "oneway": false, "reversed": "False", "length": 4.9324057345863492 }, "geometry": { "type": "LineString", "coordinates": [ [ 76.4676428, 30.9681691 ], [ 76.4676943, 30.9681733 ] ] } },
{ "type": "Feature", "properties": { "u": 11064569384, "v": 11064569385, "key": 0, "osmid": "1191758346", "highway": "service", "oneway": false, "reversed": "True", "length": 77.440148665909874 }, "geometry": { "type": "LineString", "coordinates": [ [ 76.4676428, 30.9681691 ], [ 76.4674937, 30.9688537 ] ] } },
{ "type": "Feature", "properties": { "u": 11064569384, "v": 11052493604, "key": 0, "osmid": "1190346885", "highway": "service", "oneway": false, "reversed": "True", "length": 122.49292112081508 }, "geometry": { "type": "LineString", "coordinates": [ [ 76.4676428, 30.9681691 ], [ 76.4671966, 30.9681326 ], [ 76.4669994, 30.9680956 ], [ 76.46687, 30.9680745 ], [ 76.4663671, 30.96807 ] ] } },
{ "type": "Feature", "properties": { "u": 11064569385, "v": 11064569384, "key": 0, "osmid": "1191758346", "highway": "service", "oneway": false, "reversed": "False", "length": 77.440148665909874 }, "geometry": { "type": "LineString", "coordinates": [ [ 76.4674937, 30.9688537 ], [ 76.4676428, 30.9681691 ] ] } },
{ "type": "Feature", "properties": { "u": 11064569385, "v": 11064569386, "key": 0, "osmid": "1191758347", "highway": "service", "oneway": false, "reversed": "False", "length": 21.117365637682077 }, "geometry": { "type": "LineString", "coordinates": [ [ 76.4674937, 30.9688537 ], [ 76.4677151, 30.968859 ] ] } },
{ "type": "Feature", "properties": { "u": 11064569385, "v": 11052493599, "key": 0, "osmid": "1191758346", "highway": "service", "oneway": false, "reversed": "True", "length": 95.394672553020669 }, "geometry": { "type": "LineString", "coordinates": [ [ 76.4674937, 30.9688537 ], [ 76.4674185, 30.969208 ], [ 76.4671141, 30.9691898 ], [ 76.4668391, 30.969177 ] ] } },
{ "type": "Feature", "properties": { "u": 11064569386, "v": 11064569385, "key": 0, "osmid": "1191758347", "highway": "service", "oneway": false, "reversed": "True", "length": 21.117365637682077 }, "geometry": { "type": "LineString", "coordinates": [ [ 76.4677151, 30.968859 ], [ 76.4674937, 30.9688537 ] ] } },
{ "type": "Feature", "properties": { "u": 11064569386, "v": 11052493596, "key": 0, "osmid": "1032886633", "highway": "service", "oneway": false, "reversed": "False", "length": 76.803940409990403 }, "geometry": { "type": "LineString", "coordinates": [ [ 76.4677151, 30.968859 ], [ 76.4677157, 30.9688281 ], [ 76.4677427, 30.9686245 ], [ 76.4677367, 30.9683823 ], [ 76.4677097, 30.9682148 ], [ 76.4676943, 30.9681733 ] ] } },
{ "type": "Feature", "properties": { "u": 11064569386, "v": 9516401595, "key": 0, "osmid": "1032886633", "highway": "service", "oneway": false, "reversed": "True", "length": 74.49830422498394 }, "geometry": { "type": "LineString", "coordinates": [ [ 76.4677151, 30.968859 ], [ 76.4676917, 30.9689595 ], [ 76.4676646, 30.9690375 ], [ 76.4675144, 30.9693442 ], [ 76.4674295, 30.9694793 ] ] } },
{ "type": "Feature", "properties": { "u": 11066077902, "v": 11066077904, "key": 0, "osmid": "1032481450", "highway": "service", "oneway": false, "reversed": "False", "length": 13.331031159375314 }, "geometry": { "type": "LineString", "coordinates": [ [ 76.4684381, 30.9695146 ], [ 76.4685779, 30.9695167 ] ] } },
{ "type": "Feature", "properties": { "u": 11066077902, "v": 9516401595, "key": 0, "osmid": "1032481450", "highway": "service", "oneway": false, "reversed": "True", "length": 96.547054579072721 }, "geometry": { "type": "LineString", "coordinates": [ [ 76.4684381, 30.9695146 ], [ 76.4683034, 30.9695126 ], [ 76.4678628, 30.9695178 ], [ 76.4675539, 30.9695052 ], [ 76.4674295, 30.9694793 ] ] } },
{ "type": "Feature", "properties": { "u": 11066077902, "v": 11066138210, "key": 0, "osmid": "1191964192", "highway": "service", "oneway": false, "reversed": "True", "length": 288.78317877954089 }, "geometry": { "type": "LineString", "coordinates": [ [ 76.4684381, 30.9695146 ], [ 76.4684252, 30.9692581 ], [ 76.4683939, 30.9692112 ], [ 76.4681501, 30.9692198 ], [ 76.4681136, 30.9691976 ], [ 76.4680816, 30.9691647 ], [ 76.4679281, 30.968261 ], [ 76.467952, 30.9681981 ], [ 76.4680124, 30.9681783 ], [ 76.4691329, 30.968201 ] ] } },
{ "type": "Feature", "properties": { "u": 11066077904, "v": 11752291200, "key": 0, "osmid": "1032481450", "highway": "service", "oneway": false, "reversed": "False", "length": 34.21442488991805 }, "geometry": { "type": "LineString", "coordinates": [ [ 76.4685779, 30.9695167 ], [ 76.4689367, 30.9695221 ] ] } },
{ "type": "Feature", "properties": { "u": 11066077904, "v": 11066077902, "key": 0, "osmid": "1032481450", "highway": "service", "oneway": false, "reversed": "True", "length": 13.331031159375314 }, "geometry": { "type": "LineString", "coordinates": [ [ 76.4685779, 30.9695167 ], [ 76.4684381, 30.9695146 ] ] } },
{ "type": "Feature", "properties": { "u": 11066077904, "v": 11066138210, "key": 0, "osmid": "1191964193", "highway": "service", "oneway": false, "reversed": "False", "length": 177.3617587560754 }, "geometry": { "type": "LineString", "coordinates": [ [ 76.4685779, 30.9695167 ], [ 76.4685955, 30.9692308 ], [ 76.4686236, 30.9692059 ], [ 76.4688633, 30.9692132 ], [ 76.4689119, 30.9692011 ], [ 76.4689448, 30.9691728 ], [ 76.4691329, 30.968201 ] ] } },
{ "type": "Feature", "properties": { "u": 11066138210, "v": 11066077902, "key": 0, "osmid": "1191964192", "highway": "service", "oneway": false, "reversed": "False", "length": 288.78317877954089 }, "geometry": { "type": "LineString", "coordinates": [ [ 76.4691329, 30.968201 ], [ 76.4680124, 30.9681783 ], [ 76.467952, 30.9681981 ], [ 76.4679281, 30.968261 ], [ 76.4680816, 30.9691647 ], [ 76.4681136, 30.9691976 ], [ 76.4681501, 30.9692198 ], [ 76.4683939, 30.9692112 ], [ 76.4684252, 30.9692581 ], [ 76.4684381, 30.9695146 ] ] } },
{ "type": "Feature", "properties": { "u": 11066138210, "v": 9513069041, "key": 0, "osmid": [ 1191964192, 1032481451 ], "highway": "service", "oneway": false, "reversed": "True", "length": 170.6397207034141 }, "geometry": { "type": "LineString", "coordinates": [ [ 76.4691329, 30.968201 ], [ 76.4693799, 30.9682059 ], [ 76.4693499, 30.9695284 ] ] } },
{ "type": "Feature", "properties": { "u": 11066138210, "v": 11066077904, "key": 0, "osmid": "1191964193", "highway": "service", "oneway": false, "reversed": "True", "length": 177.3617587560754 }, "geometry": { "type": "LineString", "coordinates": [ [ 76.4691329, 30.968201 ], [ 76.4689448, 30.9691728 ], [ 76.4689119, 30.9692011 ], [ 76.4688633, 30.9692132 ], [ 76.4686236, 30.9692059 ], [ 76.4685955, 30.9692308 ], [ 76.4685779, 30.9695167 ] ] } },
{ "type": "Feature", "properties": { "u": 11752274322, "v": 11752274323, "key": 0, "osmid": "1265064884", "highway": "service", "oneway": false, "reversed": "False", "length": 21.466637776750158 }, "geometry": { "type": "LineString", "coordinates": [ [ 76.4653462, 30.9664338 ], [ 76.4655712, 30.9664407 ] ] } },
{ "type": "Feature", "properties": { "u": 11752274323, "v": 9513402274, "key": 0, "osmid": "1265064884", "highway": "service", "oneway": false, "reversed": "False", "length": 105.8832386243098 }, "geometry": { "type": "LineString", "coordinates": [ [ 76.4655712, 30.9664407 ], [ 76.466681, 30.9664748 ] ] } },
{ "type": "Feature", "properties": { "u": 11752274323, "v": 11752274322, "key": 0, "osmid": "1265064884", "highway": "service", "oneway": false, "reversed": "True", "length": 21.466637776750158 }, "geometry": { "type": "LineString", "coordinates": [ [ 76.4655712, 30.9664407 ], [ 76.4653462, 30.9664338 ] ] } },
{ "type": "Feature", "properties": { "u": 11752274323, "v": 11752274324, "key": 0, "osmid": "1265064885", "highway": "service", "oneway": false, "reversed": "False", "length": 180.36356584825978 }, "geometry": { "type": "LineString", "coordinates": [ [ 76.4655712, 30.9664407 ], [ 76.4655458, 30.9680626 ] ] } },
{ "type": "Feature", "properties": { "u": 11752274324, "v": 11052493604, "key": 0, "osmid": "1190346885", "highway": "service", "oneway": false, "reversed": "False", "length": 78.310920376212422 }, "geometry": { "type": "LineString", "coordinates": [ [ 76.4655458, 30.9680626 ], [ 76.4663671, 30.96807 ] ] } },
{ "type": "Feature", "properties": { "u": 11752274324, "v": 11752274323, "key": 0, "osmid": "1265064885", "highway": "service", "oneway": false, "reversed": "True", "length": 180.36356584825978 }, "geometry": { "type": "LineString", "coordinates": [ [ 76.4655458, 30.9680626 ], [ 76.4655712, 30.9664407 ] ] } },
{ "type": "Feature", "properties": { "u": 11752274324, "v": 11052493597, "key": 0, "osmid": "1190346885", "highway": "service", "oneway": false, "reversed": "True", "length": 157.58082041962348 }, "geometry": { "type": "LineString", "coordinates": [ [ 76.4655458, 30.9680626 ], [ 76.4650953, 30.9680586 ], [ 76.4652534, 30.9690805 ] ] } },
{ "type": "Feature", "properties": { "u": 11752274352, "v": 11752274359, "key": 0, "osmid": "1032517878", "highway": "service", "oneway": false, "reversed": "False", "length": 37.784291017553969 }, "geometry": { "type": "LineString", "coordinates": [ [ 76.4760283, 30.9652222 ], [ 76.476038, 30.9648825 ] ] } },
{ "type": "Feature", "properties": { "u": 11752274352, "v": 11752274366, "key": 0, "osmid": "1032517878", "highway": "service", "oneway": false, "reversed": "True", "length": 51.020710715411177 }, "geometry": { "type": "LineString", "coordinates": [ [ 76.4760283, 30.9652222 ], [ 76.4760151, 30.9656809 ] ] } },
{ "type": "Feature", "properties": { "u": 11752274352, "v": 11752274356, "key": 0, "osmid": "1265064887", "highway": "service", "oneway": false, "reversed": "False", "length": 64.503838238810275 }, "geometry": { "type": "LineString", "coordinates": [ [ 76.4760283, 30.9652222 ], [ 76.4767047, 30.9652328 ] ] } },
{ "type": "Feature", "properties": { "u": 11752274354, "v": 11752274357, "key": 0, "osmid": "1032618607", "highway": "service", "oneway": false, "reversed": "False", "length": 59.761930254323573 }, "geometry": { "type": "LineString", "coordinates": [ [ 76.4785049, 30.9648458 ], [ 76.4779543, 30.964589 ] ] } },
{ "type": "Feature", "properties": { "u": 11752274354, "v": 9514211706, "key": 0, "osmid": "1032618607", "highway": "service", "oneway": false, "reversed": "True", "length": 110.13082298800363 }, "geometry": { "type": "LineString", "coordinates": [ [ 76.4785049, 30.9648458 ], [ 76.4785989, 30.9648896 ], [ 76.4791161, 30.9651325 ], [ 76.4793934, 30.9653222 ], [ 76.4794355, 30.9654034 ] ] } },
{ "type": "Feature", "properties": { "u": 11752274354, "v": 11752274358, "key": 0, "osmid": "1265064887", "highway": "service", "oneway": false, "reversed": "True", "length": 98.072077094061399 }, "geometry": { "type": "LineString", "coordinates": [ [ 76.4785049, 30.9648458 ], [ 76.4784939, 30.9652607 ], [ 76.4779494, 30.9652522 ] ] } },
{ "type": "Feature", "properties": { "u": 11752274355, "v": 9513402284, "key": 0, "osmid": "1032618607", "highway": "service", "oneway": false, "reversed": "False", "length": 50.813656549223346 }, "geometry": { "type": "LineString", "coordinates": [ [ 76.4767305, 30.9641273 ], [ 76.4762301, 30.9639701 ] ] } },
{ "type": "Feature", "properties": { "u": 11752274355, "v": 11752274362, "key": 0, "osmid": "1265064888", "highway": "service", "oneway": false, "reversed": "False", "length": 16.348891784857965 }, "geometry": { "type": "LineString", "coordinates": [ [ 76.4767305, 30.9641273 ], [ 76.4767271, 30.9642743 ] ] } },
{ "type": "Feature", "properties": { "u": 11752274355, "v": 11752274357, "key": 0, "osmid": "1032618607", "highway": "service", "oneway": false, "reversed": "True", "length": 127.65650998629616 }, "geometry": { "type": "LineString", "coordinates": [ [ 76.4767305, 30.9641273 ], [ 76.4767945, 30.9641474 ], [ 76.4776262, 30.9644361 ], [ 76.4779543, 30.964589 ] ] } },
{ "type": "Feature", "properties": { "u": 11752274356, "v": 11752274358, "key": 0, "osmid": "1265064887", "highway": "service", "oneway": false, "reversed": "False", "length": 118.69865410892318 }, "geometry": { "type": "LineString", "coordinates": [ [ 76.4767047, 30.9652328 ], [ 76.4779494, 30.9652522 ] ] } },
{ "type": "Feature", "properties": { "u": 11752274356, "v": 11752274352, "key": 0, "osmid": "1265064887", "highway": "service", "oneway": false, "reversed": "True", "length": 64.503838238810275 }, "geometry": { "type": "LineString", "coordinates": [ [ 76.4767047, 30.9652328 ], [ 76.4760283, 30.9652222 ] ] } },
{ "type": "Feature", "properties": { "u": 11752274356, "v": 11752274360, "key": 0, "osmid": "1265064888", "highway": "service", "oneway": false, "reversed": "True", "length": 36.590548797032802 }, "geometry": { "type": "LineString", "coordinates": [ [ 76.4767047, 30.9652328 ], [ 76.4767124, 30.9649038 ] ] } },
{ "type": "Feature", "properties": { "u": 11752274357, "v": 11752274354, "key": 0, "osmid": "1032618607", "highway": "service", "oneway": false, "reversed": "True", "length": 59.761930254323573 }, "geometry": { "type": "LineString", "coordinates": [ [ 76.4779543, 30.964589 ], [ 76.4785049, 30.9648458 ] ] } },
{ "type": "Feature", "properties": { "u": 11752274357, "v": 11752274358, "key": 0, "osmid": "1265064889", "highway": "service", "oneway": false, "reversed": "False", "length": 73.746059484150081 }, "geometry": { "type": "LineString", "coordinates": [ [ 76.4779543, 30.964589 ], [ 76.4779494, 30.9652522 ] ] } },
{ "type": "Feature", "properties": { "u": 11752274357, "v": 11752274355, "key": 0, "osmid": "1032618607", "highway": "service", "oneway": false, "reversed": "False", "length": 127.65650998629616 }, "geometry": { "type": "LineString", "coordinates": [ [ 76.4779543, 30.964589 ], [ 76.4776262, 30.9644361 ], [ 76.4767945, 30.9641474 ], [ 76.4767305, 30.9641273 ] ] } },
{ "type": "Feature", "properties": { "u": 11752274358, "v": 11752274356, "key": 0, "osmid": "1265064887", "highway": "service", "oneway": false, "reversed": "True", "length": 118.69865410892318 }, "geometry": { "type": "LineString", "coordinates": [ [ 76.4779494, 30.9652522 ], [ 76.4767047, 30.9652328 ] ] } },
{ "type": "Feature", "properties": { "u": 11752274358, "v": 11752274357, "key": 0, "osmid": "1265064889", "highway": "service", "oneway": false, "reversed": "True", "length": 73.746059484150081 }, "geometry": { "type": "LineString", "coordinates": [ [ 76.4779494, 30.9652522 ], [ 76.4779543, 30.964589 ] ] } },
{ "type": "Feature", "properties": { "u": 11752274358, "v": 11752274367, "key": 0, "osmid": "1265064897", "highway": "service", "oneway": false, "reversed": "True", "length": 52.778234594332794 }, "geometry": { "type": "LineString", "coordinates": [ [ 76.4779494, 30.9652522 ], [ 76.4779357, 30.9657267 ] ] } },
{ "type": "Feature", "properties": { "u": 11752274358, "v": 11752274354, "key": 0, "osmid": "1265064887", "highway": "service", "oneway": false, "reversed": "False", "length": 98.072077094061399 }, "geometry": { "type": "LineString", "coordinates": [ [ 76.4779494, 30.9652522 ], [ 76.4784939, 30.9652607 ], [ 76.4785049, 30.9648458 ] ] } },
{ "type": "Feature", "properties": { "u": 11752274359, "v": 11752274361, "key": 0, "osmid": "1032517878", "highway": "service", "oneway": false, "reversed": "False", "length": 68.572306089937385 }, "geometry": { "type": "LineString", "coordinates": [ [ 76.476038, 30.9648825 ], [ 76.4760556, 30.964266 ] ] } },
{ "type": "Feature", "properties": { "u": 11752274359, "v": 11752274352, "key": 0, "osmid": "1032517878", "highway": "service", "oneway": false, "reversed": "True", "length": 37.784291017553969 }, "geometry": { "type": "LineString", "coordinates": [ [ 76.476038, 30.9648825 ], [ 76.4760283, 30.9652222 ] ] } },
{ "type": "Feature", "properties": { "u": 11752274359, "v": 11752274360, "key": 0, "osmid": "1265064890", "highway": "service", "oneway": false, "reversed": "False", "length": 64.34620246310071 }, "geometry": { "type": "LineString", "coordinates": [ [ 76.476038, 30.9648825 ], [ 76.4767124, 30.9649038 ] ] } },
{ "type": "Feature", "properties": { "u": 11752274360, "v": 11752274356, "key": 0, "osmid": "1265064888", "highway": "service", "oneway": false, "reversed": "False", "length": 36.590548797032802 }, "geometry": { "type": "LineString", "coordinates": [ [ 76.4767124, 30.9649038 ], [ 76.4767047, 30.9652328 ] ] } },
{ "type": "Feature", "properties": { "u": 11752274360, "v": 11752274362, "key": 0, "osmid": "1265064888", "highway": "service", "oneway": false, "reversed": "True", "length": 70.01133671809545 }, "geometry": { "type": "LineString", "coordinates": [ [ 76.4767124, 30.9649038 ], [ 76.4767271, 30.9642743 ] ] } },
{ "type": "Feature", "properties": { "u": 11752274360, "v": 11752274359, "key": 0, "osmid": "1265064890", "highway": "service", "oneway": false, "reversed": "True", "length": 64.34620246310071 }, "geometry": { "type": "LineString", "coordinates": [ [ 76.4767124, 30.9649038 ], [ 76.476038, 30.9648825 ] ] } },
{ "type": "Feature", "properties": { "u": 11752274361, "v": 9513402283, "key": 0, "osmid": "1032517878", "highway": "service", "oneway": false, "reversed": "False", "length": 36.905646582238852 }, "geometry": { "type": "LineString", "coordinates": [ [ 76.4760556, 30.964266 ], [ 76.4760651, 30.9639342 ] ] } },
{ "type": "Feature", "properties": { "u": 11752274361, "v": 11752274359, "key": 0, "osmid": "1032517878", "highway": "service", "oneway": false, "reversed": "True", "length": 68.572306089937385 }, "geometry": { "type": "LineString", "coordinates": [ [ 76.4760556, 30.964266 ], [ 76.476038, 30.9648825 ] ] } },
{ "type": "Feature", "properties": { "u": 11752274361, "v": 11752274362, "key": 0, "osmid": "1265064891", "highway": "service", "oneway": false, "reversed": "False", "length": 64.033158986918352 }, "geometry": { "type": "LineString", "coordinates": [ [ 76.4760556, 30.964266 ], [ 76.4767271, 30.9642743 ] ] } },
{ "type": "Feature", "properties": { "u": 11752274362, "v": 11752274360, "key": 0, "osmid": "1265064888", "highway": "service", "oneway": false, "reversed": "False", "length": 70.01133671809545 }, "geometry": { "type": "LineString", "coordinates": [ [ 76.4767271, 30.9642743 ], [ 76.4767124, 30.9649038 ] ] } },
{ "type": "Feature", "properties": { "u": 11752274362, "v": 11752274355, "key": 0, "osmid": "1265064888", "highway": "service", "oneway": false, "reversed": "True", "length": 16.348891784857965 }, "geometry": { "type": "LineString", "coordinates": [ [ 76.4767271, 30.9642743 ], [ 76.4767305, 30.9641273 ] ] } },
{ "type": "Feature", "properties": { "u": 11752274362, "v": 11752274361, "key": 0, "osmid": "1265064891", "highway": "service", "oneway": false, "reversed": "True", "length": 64.033158986918352 }, "geometry": { "type": "LineString", "coordinates": [ [ 76.4767271, 30.9642743 ], [ 76.4760556, 30.964266 ] ] } },
{ "type": "Feature", "properties": { "u": 11752274365, "v": 9514211706, "key": 0, "osmid": "1265064892", "highway": "service", "oneway": false, "reversed": "True", "length": 176.51116380304768 }, "geometry": { "type": "LineString", "coordinates": [ [ 76.4812467, 30.9652871 ], [ 76.4811419, 30.9652742 ], [ 76.4807675, 30.965424 ], [ 76.4794355, 30.9654034 ] ] } },
{ "type": "Feature", "properties": { "u": 11752274365, "v": 10939627766, "key": 0, "osmid": [ 1265064905, 1265064906 ], "highway": "service", "oneway": false, "reversed": [ false, true ], "length": 582.30294935891618 }, "geometry": { "type": "LineString", "coordinates": [ [ 76.4812467, 30.9652871 ], [ 76.4811955, 30.9657971 ], [ 76.4810389, 30.9684769 ], [ 76.4805907, 30.9683548 ], [ 76.4786813, 30.9682905 ] ] } },
{ "type": "Feature", "properties": { "u": 11752274366, "v": 11752274352, "key": 0, "osmid": "1032517878", "highway": "service", "oneway": false, "reversed": "False", "length": 51.020710715411177 }, "geometry": { "type": "LineString", "coordinates": [ [ 76.4760151, 30.9656809 ], [ 76.4760283, 30.9652222 ] ] } },
{ "type": "Feature", "properties": { "u": 11752274366, "v": 11752274368, "key": 0, "osmid": "1032517878", "highway": "service", "oneway": false, "reversed": "True", "length": 36.5719274230362 }, "geometry": { "type": "LineString", "coordinates": [ [ 76.4760151, 30.9656809 ], [ 76.4760057, 30.9660097 ] ] } },
{ "type": "Feature", "properties": { "u": 11752274366, "v": 11752291172, "key": 0, "osmid": "1265064893", "highway": "service", "oneway": false, "reversed": "False", "length": 66.187073949209108 }, "geometry": { "type": "LineString", "coordinates": [ [ 76.4760151, 30.9656809 ], [ 76.476709, 30.9656975 ] ] } },
{ "type": "Feature", "properties": { "u": 11752274367, "v": 11752291172, "key": 0, "osmid": "1265064893", "highway": "service", "oneway": false, "reversed": "True", "length": 117.00727868475357 }, "geometry": { "type": "LineString", "coordinates": [ [ 76.4779357, 30.9657267 ], [ 76.476709, 30.9656975 ] ] } },
{ "type": "Feature", "properties": { "u": 11752274367, "v": 11752274358, "key": 0, "osmid": "1265064897", "highway": "service", "oneway": false, "reversed": "False", "length": 52.778234594332794 }, "geometry": { "type": "LineString", "coordinates": [ [ 76.4779357, 30.9657267 ], [ 76.4779494, 30.9652522 ] ] } },
{ "type": "Feature", "properties": { "u": 11752274367, "v": 11752291178, "key": 0, "osmid": "1265064897", "highway": "service", "oneway": false, "reversed": "True", "length": 25.882980674996194 }, "geometry": { "type": "LineString", "coordinates": [ [ 76.4779357, 30.9657267 ], [ 76.477929, 30.9659594 ] ] } },
{ "type": "Feature", "properties": { "u": 11752274368, "v": 11752274366, "key": 0, "osmid": "1032517878", "highway": "service", "oneway": false, "reversed": "False", "length": 36.5719274230362 }, "geometry": { "type": "LineString", "coordinates": [ [ 76.4760057, 30.9660097 ], [ 76.4760151, 30.9656809 ] ] } },
{ "type": "Feature", "properties": { "u": 11752274368, "v": 11752291170, "key": 0, "osmid": "1032517878", "highway": "service", "oneway": false, "reversed": "True", "length": 35.237052857808159 }, "geometry": { "type": "LineString", "coordinates": [ [ 76.4760057, 30.9660097 ], [ 76.4759967, 30.9663265 ] ] } },
{ "type": "Feature", "properties": { "u": 11752274368, "v": 11752291174, "key": 0, "osmid": "1265064894", "highway": "service", "oneway": false, "reversed": "False", "length": 66.173460775313657 }, "geometry": { "type": "LineString", "coordinates": [ [ 76.4760057, 30.9660097 ], [ 76.4766996, 30.9660212 ] ] } },
{ "type": "Feature", "properties": { "u": 11752291169, "v": 11752291174, "key": 0, "osmid": "1265064894", "highway": "service", "oneway": false, "reversed": "True", "length": 117.01824755410907 }, "geometry": { "type": "LineString", "coordinates": [ [ 76.4779267, 30.9660398 ], [ 76.4766996, 30.9660212 ] ] } },
{ "type": "Feature", "properties": { "u": 11752291169, "v": 11752291178, "key": 0, "osmid": "1265064897", "highway": "service", "oneway": false, "reversed": "False", "length": 8.9427739780406768 }, "geometry": { "type": "LineString", "coordinates": [ [ 76.4779267, 30.9660398 ], [ 76.477929, 30.9659594 ] ] } },
{ "type": "Feature", "properties": { "u": 11752291169, "v": 11752291177, "key": 0, "osmid": "1265064897", "highway": "service", "oneway": false, "reversed": "True", "length": 34.803522239232258 }, "geometry": { "type": "LineString", "coordinates": [ [ 76.4779267, 30.9660398 ], [ 76.4779177, 30.9663527 ] ] } },
{ "type": "Feature", "properties": { "u": 11752291170, "v": 11752274368, "key": 0, "osmid": "1032517878", "highway": "service", "oneway": false, "reversed": "False", "length": 35.237052857808159 }, "geometry": { "type": "LineString", "coordinates": [ [ 76.4759967, 30.9663265 ], [ 76.4760057, 30.9660097 ] ] } },
{ "type": "Feature", "properties": { "u": 11752291170, "v": 9513402282, "key": 0, "osmid": "1032517878", "highway": "service", "oneway": false, "reversed": "True", "length": 28.619193650282018 }, "geometry": { "type": "LineString", "coordinates": [ [ 76.4759967, 30.9663265 ], [ 76.4759893, 30.9665838 ] ] } },
{ "type": "Feature", "properties": { "u": 11752291170, "v": 11752291175, "key": 0, "osmid": "1265064895", "highway": "service", "oneway": false, "reversed": "False", "length": 66.102059518631535 }, "geometry": { "type": "LineString", "coordinates": [ [ 76.4759967, 30.9663265 ], [ 76.4766899, 30.9663357 ] ] } },
{ "type": "Feature", "properties": { "u": 11752291171, "v": 11752291182, "key": 0, "osmid": "1265064895", "highway": "service", "oneway": false, "reversed": "True", "length": 51.303320517919396 }, "geometry": { "type": "LineString", "coordinates": [ [ 76.4789941, 30.9663681 ], [ 76.4784561, 30.9663605 ] ] } },
{ "type": "Feature", "properties": { "u": 11752291171, "v": 11752291180, "key": 0, "osmid": "1265064898", "highway": "service", "oneway": false, "reversed": "False", "length": 28.873102143090094 }, "geometry": { "type": "LineString", "coordinates": [ [ 76.4789941, 30.9663681 ], [ 76.4789875, 30.9666277 ] ] } },
{ "type": "Feature", "properties": { "u": 11752291171, "v": 11752291181, "key": 0, "osmid": "1265064898", "highway": "service", "oneway": false, "reversed": "True", "length": 95.091017447888603 }, "geometry": { "type": "LineString", "coordinates": [ [ 76.4789941, 30.9663681 ], [ 76.4790038, 30.9659834 ], [ 76.4788229, 30.9659778 ], [ 76.4786829, 30.9659694 ], [ 76.4784557, 30.9659711 ] ] } },
{ "type": "Feature", "properties": { "u": 11752291172, "v": 11752274367, "key": 0, "osmid": "1265064893", "highway": "service", "oneway": false, "reversed": "False", "length": 117.00727868475357 }, "geometry": { "type": "LineString", "coordinates": [ [ 76.476709, 30.9656975 ], [ 76.4779357, 30.9657267 ] ] } },
{ "type": "Feature", "properties": { "u": 11752291172, "v": 11752274366, "key": 0, "osmid": "1265064893", "highway": "service", "oneway": false, "reversed": "True", "length": 66.187073949209108 }, "geometry": { "type": "LineString", "coordinates": [ [ 76.476709, 30.9656975 ], [ 76.4760151, 30.9656809 ] ] } },
{ "type": "Feature", "properties": { "u": 11752291172, "v": 11752291174, "key": 0, "osmid": "1265064896", "highway": "service", "oneway": false, "reversed": "False", "length": 36.005005494583557 }, "geometry": { "type": "LineString", "coordinates": [ [ 76.476709, 30.9656975 ], [ 76.4766996, 30.9660212 ] ] } },
{ "type": "Feature", "properties": { "u": 11752291173, "v": 9513432147, "key": 0, "osmid": "1032517877", "highway": "service", "oneway": false, "reversed": "False", "length": 57.202671372944558 }, "geometry": { "type": "LineString", "coordinates": [ [ 76.4766818, 30.9665969 ], [ 76.4772816, 30.9666083 ] ] } },
{ "type": "Feature", "properties": { "u": 11752291173, "v": 9513402282, "key": 0, "osmid": "1032517877", "highway": "service", "oneway": false, "reversed": "True", "length": 66.043287348209788 }, "geometry": { "type": "LineString", "coordinates": [ [ 76.4766818, 30.9665969 ], [ 76.4759893, 30.9665838 ] ] } },
{ "type": "Feature", "properties": { "u": 11752291173, "v": 11752291175, "key": 0, "osmid": "1265064896", "highway": "service", "oneway": false, "reversed": "True", "length": 29.054422126589976 }, "geometry": { "type": "LineString", "coordinates": [ [ 76.4766818, 30.9665969 ], [ 76.4766899, 30.9663357 ] ] } },
{ "type": "Feature", "properties": { "u": 11752291174, "v": 11752291169, "key": 0, "osmid": "1265064894", "highway": "service", "oneway": false, "reversed": "False", "length": 117.01824755410907 }, "geometry": { "type": "LineString", "coordinates": [ [ 76.4766996, 30.9660212 ], [ 76.4779267, 30.9660398 ] ] } },
{ "type": "Feature", "properties": { "u": 11752291174, "v": 11752274368, "key": 0, "osmid": "1265064894", "highway": "service", "oneway": false, "reversed": "True", "length": 66.173460775313657 }, "geometry": { "type": "LineString", "coordinates": [ [ 76.4766996, 30.9660212 ], [ 76.4760057, 30.9660097 ] ] } },
{ "type": "Feature", "properties": { "u": 11752291174, "v": 11752291175, "key": 0, "osmid": "1265064896", "highway": "service", "oneway": false, "reversed": "False", "length": 34.983081440151786 }, "geometry": { "type": "LineString", "coordinates": [ [ 76.4766996, 30.9660212 ], [ 76.4766899, 30.9663357 ] ] } },
{ "type": "Feature", "properties": { "u": 11752291174, "v": 11752291172, "key": 0, "osmid": "1265064896", "highway": "service", "oneway": false, "reversed": "True", "length": 36.005005494583557 }, "geometry": { "type": "LineString", "coordinates": [ [ 76.4766996, 30.9660212 ], [ 76.476709, 30.9656975 ] ] } },
{ "type": "Feature", "properties": { "u": 11752291175, "v": 11752291177, "key": 0, "osmid": "1265064895", "highway": "service", "oneway": false, "reversed": "False", "length": 117.08158771857077 }, "geometry": { "type": "LineString", "coordinates": [ [ 76.4766899, 30.9663357 ], [ 76.4779177, 30.9663527 ] ] } },
{ "type": "Feature", "properties": { "u": 11752291175, "v": 11752291170, "key": 0, "osmid": "1265064895", "highway": "service", "oneway": false, "reversed": "True", "length": 66.102059518631535 }, "geometry": { "type": "LineString", "coordinates": [ [ 76.4766899, 30.9663357 ], [ 76.4759967, 30.9663265 ] ] } },
{ "type": "Feature", "properties": { "u": 11752291175, "v": 11752291173, "key": 0, "osmid": "1265064896", "highway": "service", "oneway": false, "reversed": "False", "length": 29.054422126589976 }, "geometry": { "type": "LineString", "coordinates": [ [ 76.4766899, 30.9663357 ], [ 76.4766818, 30.9665969 ] ] } },
{ "type": "Feature", "properties": { "u": 11752291175, "v": 11752291174, "key": 0, "osmid": "1265064896", "highway": "service", "oneway": false, "reversed": "True", "length": 34.983081440151786 }, "geometry": { "type": "LineString", "coordinates": [ [ 76.4766899, 30.9663357 ], [ 76.4766996, 30.9660212 ] ] } },
{ "type": "Feature", "properties": { "u": 11752291176, "v": 10939627765, "key": 0, "osmid": "1032517877", "highway": "service", "oneway": false, "reversed": "False", "length": 72.831228789744145 }, "geometry": { "type": "LineString", "coordinates": [ [ 76.4779101, 30.9666153 ], [ 76.4786739, 30.9666236 ] ] } },
{ "type": "Feature", "properties": { "u": 11752291176, "v": 11752291177, "key": 0, "osmid": "1265064897", "highway": "service", "oneway": false, "reversed": "False", "length": 29.208818940187793 }, "geometry": { "type": "LineString", "coordinates": [ [ 76.4779101, 30.9666153 ], [ 76.4779177, 30.9663527 ] ] } },
{ "type": "Feature", "properties": { "u": 11752291176, "v": 9513432147, "key": 0, "osmid": "1032517877", "highway": "service", "oneway": false, "reversed": "True", "length": 59.93022473035608 }, "geometry": { "type": "LineString", "coordinates": [ [ 76.4779101, 30.9666153 ], [ 76.4773075, 30.9666088 ], [ 76.4772816, 30.9666083 ] ] } },
{ "type": "Feature", "properties": { "u": 11752291177, "v": 11752291182, "key": 0, "osmid": "1265064895", "highway": "service", "oneway": false, "reversed": "False", "length": 51.341828914651664 }, "geometry": { "type": "LineString", "coordinates": [ [ 76.4779177, 30.9663527 ], [ 76.4784561, 30.9663605 ] ] } },
{ "type": "Feature", "properties": { "u": 11752291177, "v": 11752291175, "key": 0, "osmid": "1265064895", "highway": "service", "oneway": false, "reversed": "True", "length": 117.08158771857077 }, "geometry": { "type": "LineString", "coordinates": [ [ 76.4779177, 30.9663527 ], [ 76.4766899, 30.9663357 ] ] } },
{ "type": "Feature", "properties": { "u": 11752291177, "v": 11752291169, "key": 0, "osmid": "1265064897", "highway": "service", "oneway": false, "reversed": "False", "length": 34.803522239232258 }, "geometry": { "type": "LineString", "coordinates": [ [ 76.4779177, 30.9663527 ], [ 76.4779267, 30.9660398 ] ] } },
{ "type": "Feature", "properties": { "u": 11752291177, "v": 11752291176, "key": 0, "osmid": "1265064897", "highway": "service", "oneway": false, "reversed": "True", "length": 29.208818940187793 }, "geometry": { "type": "LineString", "coordinates": [ [ 76.4779177, 30.9663527 ], [ 76.4779101, 30.9666153 ] ] } },
{ "type": "Feature", "properties": { "u": 11752291178, "v": 11752274367, "key": 0, "osmid": "1265064897", "highway": "service", "oneway": false, "reversed": "False", "length": 25.882980674996194 }, "geometry": { "type": "LineString", "coordinates": [ [ 76.477929, 30.9659594 ], [ 76.4779357, 30.9657267 ] ] } },
{ "type": "Feature", "properties": { "u": 11752291178, "v": 11752291169, "key": 0, "osmid": "1265064897", "highway": "service", "oneway": false, "reversed": "True", "length": 8.9427739780406768 }, "geometry": { "type": "LineString", "coordinates": [ [ 76.477929, 30.9659594 ], [ 76.4779267, 30.9660398 ] ] } },
{ "type": "Feature", "properties": { "u": 11752291178, "v": 11752291181, "key": 0, "osmid": "1265064898", "highway": "service", "oneway": false, "reversed": "False", "length": 50.240347192951084 }, "geometry": { "type": "LineString", "coordinates": [ [ 76.477929, 30.9659594 ], [ 76.4781327, 30.9659624 ], [ 76.4782801, 30.9659644 ], [ 76.4784557, 30.9659711 ] ] } },
{ "type": "Feature", "properties": { "u": 11752291180, "v": 10939627765, "key": 0, "osmid": "1032517877", "highway": "service", "oneway": false, "reversed": "True", "length": 29.904022630214854 }, "geometry": { "type": "LineString", "coordinates": [ [ 76.4789875, 30.9666277 ], [ 76.4786739, 30.9666236 ] ] } },
{ "type": "Feature", "properties": { "u": 11752291180, "v": 11752291171, "key": 0, "osmid": "1265064898", "highway": "service", "oneway": false, "reversed": "True", "length": 28.873102143090094 }, "geometry": { "type": "LineString", "coordinates": [ [ 76.4789875, 30.9666277 ], [ 76.4789941, 30.9663681 ] ] } },
{ "type": "Feature", "properties": { "u": 11752291180, "v": 9514211706, "key": 0, "osmid": [ 1032517877, 1032618607 ], "highway": "service", "oneway": false, "reversed": "False", "length": 214.05217183270031 }, "geometry": { "type": "LineString", "coordinates": [ [ 76.4789875, 30.9666277 ], [ 76.4795072, 30.9666346 ], [ 76.4797537, 30.9666397 ], [ 76.4797408, 30.966532 ], [ 76.4797057, 30.9663183 ], [ 76.479639, 30.9660746 ], [ 76.4794355, 30.9654034 ] ] } },
{ "type": "Feature", "properties": { "u": 11752291181, "v": 11752291182, "key": 0, "osmid": "1265064899", "highway": "service", "oneway": false, "reversed": "False", "length": 43.299382398306548 }, "geometry": { "type": "LineString", "coordinates": [ [ 76.4784557, 30.9659711 ], [ 76.4784561, 30.9663605 ] ] } },
{ "type": "Feature", "properties": { "u": 11752291181, "v": 11752291171, "key": 0, "osmid": "1265064898", "highway": "service", "oneway": false, "reversed": "False", "length": 95.091017447888589 }, "geometry": { "type": "LineString", "coordinates": [ [ 76.4784557, 30.9659711 ], [ 76.4786829, 30.9659694 ], [ 76.4788229, 30.9659778 ], [ 76.4790038, 30.9659834 ], [ 76.4789941, 30.9663681 ] ] } },
{ "type": "Feature", "properties": { "u": 11752291181, "v": 11752291178, "key": 0, "osmid": "1265064898", "highway": "service", "oneway": false, "reversed": "True", "length": 50.240347192951077 }, "geometry": { "type": "LineString", "coordinates": [ [ 76.4784557, 30.9659711 ], [ 76.4782801, 30.9659644 ], [ 76.4781327, 30.9659624 ], [ 76.477929, 30.9659594 ] ] } },
{ "type": "Feature", "properties": { "u": 11752291182, "v": 11752291171, "key": 0, "osmid": "1265064895", "highway": "service", "oneway": false, "reversed": "False", "length": 51.303320517919396 }, "geometry": { "type": "LineString", "coordinates": [ [ 76.4784561, 30.9663605 ], [ 76.4789941, 30.9663681 ] ] } },
{ "type": "Feature", "properties": { "u": 11752291182, "v": 11752291177, "key": 0, "osmid": "1265064895", "highway": "service", "oneway": false, "reversed": "True", "length": 51.341828914651664 }, "geometry": { "type": "LineString", "coordinates": [ [ 76.4784561, 30.9663605 ], [ 76.4779177, 30.9663527 ] ] } },
{ "type": "Feature", "properties": { "u": 11752291182, "v": 11752291181, "key": 0, "osmid": "1265064899", "highway": "service", "oneway": false, "reversed": "True", "length": 43.299382398306548 }, "geometry": { "type": "LineString", "coordinates": [ [ 76.4784561, 30.9663605 ], [ 76.4784557, 30.9659711 ] ] } },
{ "type": "Feature", "properties": { "u": 11752291183, "v": 11752291188, "key": 0, "osmid": "1032517877", "highway": "service", "oneway": false, "reversed": "True", "length": 65.626134426301149 }, "geometry": { "type": "LineString", "coordinates": [ [ 76.473513, 30.9665407 ], [ 76.4728248, 30.966531 ] ] } },
{ "type": "Feature", "properties": { "u": 11752291183, "v": 11752291191, "key": 0, "osmid": "1265064900", "highway": "service", "oneway": false, "reversed": "False", "length": 58.241576188747203 }, "geometry": { "type": "LineString", "coordinates": [ [ 76.473513, 30.9665407 ], [ 76.4735391, 30.967064 ] ] } },
{ "type": "Feature", "properties": { "u": 11752291183, "v": 11752291195, "key": 0, "osmid": "1032517877", "highway": "service", "oneway": false, "reversed": "False", "length": 179.50566573977699 }, "geometry": { "type": "LineString", "coordinates": [ [ 76.473513, 30.9665407 ], [ 76.4743177, 30.9665521 ], [ 76.4753953, 30.9665725 ] ] } },
{ "type": "Feature", "properties": { "u": 11752291184, "v": 11752291185, "key": 0, "osmid": "1265064900", "highway": "service", "oneway": false, "reversed": "False", "length": 78.843865959368955 }, "geometry": { "type": "LineString", "coordinates": [ [ 76.4735889, 30.9680634 ], [ 76.4727622, 30.9680465 ] ] } },
{ "type": "Feature", "properties": { "u": 11752291184, "v": 11752291191, "key": 0, "osmid": "1265064900", "highway": "service", "oneway": false, "reversed": "True", "length": 111.2297585858805 }, "geometry": { "type": "LineString", "coordinates": [ [ 76.4735889, 30.9680634 ], [ 76.4735391, 30.967064 ] ] } },
{ "type": "Feature", "properties": { "u": 11752291184, "v": 11752291195, "key": 0, "osmid": "1265064904", "highway": "service", "oneway": false, "reversed": "False", "length": 336.73595367741927 }, "geometry": { "type": "LineString", "coordinates": [ [ 76.4735889, 30.9680634 ], [ 76.4753235, 30.968093 ], [ 76.4753583, 30.9680751 ], [ 76.4753769, 30.9680372 ], [ 76.4753953, 30.9665725 ] ] } },
{ "type": "Feature", "properties": { "u": 11752291185, "v": 11752291184, "key": 0, "osmid": "1265064900", "highway": "service", "oneway": false, "reversed": "True", "length": 78.843865959368955 }, "geometry": { "type": "LineString", "coordinates": [ [ 76.4727622, 30.9680465 ], [ 76.4735889, 30.9680634 ] ] } },
{ "type": "Feature", "properties": { "u": 11752291186, "v": 11752291188, "key": 0, "osmid": "1032517877", "highway": "service", "oneway": false, "reversed": "False", "length": 24.144983754845171 }, "geometry": { "type": "LineString", "coordinates": [ [ 76.4725716, 30.9665274 ], [ 76.4728248, 30.966531 ] ] } },
{ "type": "Feature", "properties": { "u": 11752291186, "v": 9513402277, "key": 0, "osmid": "1032517877", "highway": "service", "oneway": false, "reversed": "True", "length": 41.096175920533113 }, "geometry": { "type": "LineString", "coordinates": [ [ 76.4725716, 30.9665274 ], [ 76.4721406, 30.9665238 ] ] } },
{ "type": "Feature", "properties": { "u": 11752291186, "v": 11752291187, "key": 0, "osmid": "1265064901", "highway": "service", "oneway": false, "reversed": "False", "length": 21.224362087086234 }, "geometry": { "type": "LineString", "coordinates": [ [ 76.4725716, 30.9665274 ], [ 76.4726982, 30.9666844 ] ] } },
{ "type": "Feature", "properties": { "u": 11752291187, "v": 11752291188, "key": 0, "osmid": "1265064901", "highway": "service", "oneway": false, "reversed": "False", "length": 20.896342382596643 }, "geometry": { "type": "LineString", "coordinates": [ [ 76.4726982, 30.9666844 ], [ 76.4728248, 30.966531 ] ] } },
{ "type": "Feature", "properties": { "u": 11752291187, "v": 11752291186, "key": 0, "osmid": "1265064901", "highway": "service", "oneway": false, "reversed": "True", "length": 21.224362087086234 }, "geometry": { "type": "LineString", "coordinates": [ [ 76.4726982, 30.9666844 ], [ 76.4725716, 30.9665274 ] ] } },
{ "type": "Feature", "properties": { "u": 11752291187, "v": 11752291190, "key": 0, "osmid": "1265064902", "highway": "service", "oneway": false, "reversed": "False", "length": 40.949677340160719 }, "geometry": { "type": "LineString", "coordinates": [ [ 76.4726982, 30.9666844 ], [ 76.4726899, 30.9670526 ] ] } },
{ "type": "Feature", "properties": { "u": 11752291188, "v": 11752291183, "key": 0, "osmid": "1032517877", "highway": "service", "oneway": false, "reversed": "False", "length": 65.626134426301149 }, "geometry": { "type": "LineString", "coordinates": [ [ 76.4728248, 30.966531 ], [ 76.473513, 30.9665407 ] ] } },
{ "type": "Feature", "properties": { "u": 11752291188, "v": 11752291186, "key": 0, "osmid": "1032517877", "highway": "service", "oneway": false, "reversed": "True", "length": 24.144983754845171 }, "geometry": { "type": "LineString", "coordinates": [ [ 76.4728248, 30.966531 ], [ 76.4725716, 30.9665274 ] ] } },
{ "type": "Feature", "properties": { "u": 11752291188, "v": 11752291187, "key": 0, "osmid": "1265064901", "highway": "service", "oneway": false, "reversed": "True", "length": 20.896342382596643 }, "geometry": { "type": "LineString", "coordinates": [ [ 76.4728248, 30.966531 ], [ 76.4726982, 30.9666844 ] ] } },
{ "type": "Feature", "properties": { "u": 11752291189, "v": 11752291190, "key": 0, "osmid": "1265064902", "highway": "service", "oneway": false, "reversed": "True", "length": 62.748135668383455 }, "geometry": { "type": "LineString", "coordinates": [ [ 76.4726771, 30.9676168 ], [ 76.4726899, 30.9670526 ] ] } },
{ "type": "Feature", "properties": { "u": 11752291190, "v": 11752291189, "key": 0, "osmid": "1265064902", "highway": "service", "oneway": false, "reversed": "False", "length": 62.748135668383455 }, "geometry": { "type": "LineString", "coordinates": [ [ 76.4726899, 30.9670526 ], [ 76.4726771, 30.9676168 ] ] } },
{ "type": "Feature", "properties": { "u": 11752291190, "v": 11752291187, "key": 0, "osmid": "1265064902", "highway": "service", "oneway": false, "reversed": "True", "length": 40.949677340160719 }, "geometry": { "type": "LineString", "coordinates": [ [ 76.4726899, 30.9670526 ], [ 76.4726982, 30.9666844 ] ] } },
{ "type": "Feature", "properties": { "u": 11752291190, "v": 11752291191, "key": 0, "osmid": "1265064903", "highway": "service", "oneway": false, "reversed": "False", "length": 80.977491368535439 }, "geometry": { "type": "LineString", "coordinates": [ [ 76.4726899, 30.9670526 ], [ 76.4735391, 30.967064 ] ] } },
{ "type": "Feature", "properties": { "u": 11752291191, "v": 11752291184, "key": 0, "osmid": "1265064900", "highway": "service", "oneway": false, "reversed": "False", "length": 111.2297585858805 }, "geometry": { "type": "LineString", "coordinates": [ [ 76.4735391, 30.967064 ], [ 76.4735889, 30.9680634 ] ] } },
{ "type": "Feature", "properties": { "u": 11752291191, "v": 11752291183, "key": 0, "osmid": "1265064900", "highway": "service", "oneway": false, "reversed": "True", "length": 58.241576188747203 }, "geometry": { "type": "LineString", "coordinates": [ [ 76.4735391, 30.967064 ], [ 76.473513, 30.9665407 ] ] } },
{ "type": "Feature", "properties": { "u": 11752291191, "v": 11752291190, "key": 0, "osmid": "1265064903", "highway": "service", "oneway": false, "reversed": "True", "length": 80.977491368535439 }, "geometry": { "type": "LineString", "coordinates": [ [ 76.4735391, 30.967064 ], [ 76.4726899, 30.9670526 ] ] } },
{ "type": "Feature", "properties": { "u": 11752291195, "v": 9513402282, "key": 0, "osmid": "1032517877", "highway": "service", "oneway": false, "reversed": "False", "length": 56.649567568609321 }, "geometry": { "type": "LineString", "coordinates": [ [ 76.4753953, 30.9665725 ], [ 76.4759893, 30.9665838 ] ] } },
{ "type": "Feature", "properties": { "u": 11752291195, "v": 11752291183, "key": 0, "osmid": "1032517877", "highway": "service", "oneway": false, "reversed": "True", "length": 179.50566573977699 }, "geometry": { "type": "LineString", "coordinates": [ [ 76.4753953, 30.9665725 ], [ 76.4743177, 30.9665521 ], [ 76.473513, 30.9665407 ] ] } },
{ "type": "Feature", "properties": { "u": 11752291195, "v": 11752291184, "key": 0, "osmid": "1265064904", "highway": "service", "oneway": false, "reversed": "True", "length": 336.73595367741927 }, "geometry": { "type": "LineString", "coordinates": [ [ 76.4753953, 30.9665725 ], [ 76.4753769, 30.9680372 ], [ 76.4753583, 30.9680751 ], [ 76.4753235, 30.968093 ], [ 76.4735889, 30.9680634 ] ] } },
{ "type": "Feature", "properties": { "u": 11752291196, "v": 9513432149, "key": 0, "osmid": "1032481454", "highway": "service", "oneway": false, "reversed": "True", "length": 12.167179425079041 }, "geometry": { "type": "LineString", "coordinates": [ [ 76.4776879, 30.9682764 ], [ 76.4776705, 30.9683848 ] ] } },
{ "type": "Feature", "properties": { "u": 11752291196, "v": 10939627766, "key": 0, "osmid": "1265064905", "highway": "service", "oneway": false, "reversed": "False", "length": 94.728179401409179 }, "geometry": { "type": "LineString", "coordinates": [ [ 76.4776879, 30.9682764 ], [ 76.4786813, 30.9682905 ] ] } },
{ "type": "Feature", "properties": { "u": 11752291196, "v": 9513432162, "key": 0, "osmid": "1032481454", "highway": "service", "oneway": false, "reversed": "False", "length": 21.390194068105185 }, "geometry": { "type": "LineString", "coordinates": [ [ 76.4776879, 30.9682764 ], [ 76.4776906, 30.9682594 ], [ 76.477769, 30.9680976 ] ] } },
{ "type": "Feature", "properties": { "u": 11752291200, "v": 9513069041, "key": 0, "osmid": "1032481450", "highway": "service", "oneway": false, "reversed": "False", "length": 39.402053440188254 }, "geometry": { "type": "LineString", "coordinates": [ [ 76.4689367, 30.9695221 ], [ 76.4693499, 30.9695284 ] ] } },
{ "type": "Feature", "properties": { "u": 11752291200, "v": 11066077904, "key": 0, "osmid": "1032481450", "highway": "service", "oneway": false, "reversed": "True", "length": 34.21442488991805 }, "geometry": { "type": "LineString", "coordinates": [ [ 76.4689367, 30.9695221 ], [ 76.4685779, 30.9695167 ] ] } },
{ "type": "Feature", "properties": { "u": 11752291200, "v": 11752291202, "key": 0, "osmid": "1265064907", "highway": "service", "oneway": false, "reversed": "False", "length": 19.270129237676233 }, "geometry": { "type": "LineString", "coordinates": [ [ 76.4689367, 30.9695221 ], [ 76.468937, 30.9696954 ] ] } },
{ "type": "Feature", "properties": { "u": 11752291202, "v": 11752291200, "key": 0, "osmid": "1265064907", "highway": "service", "oneway": false, "reversed": "True", "length": 19.270129237676233 }, "geometry": { "type": "LineString", "coordinates": [ [ 76.468937, 30.9696954 ], [ 76.4689367, 30.9695221 ] ] } },
{ "type": "Feature", "properties": { "u": 11752291202, "v": 11752291204, "key": 0, "osmid": "1265064907", "highway": "service", "oneway": false, "reversed": "False", "length": 87.878794233301406 }, "geometry": { "type": "LineString", "coordinates": [ [ 76.468937, 30.9696954 ], [ 76.4689382, 30.9702427 ], [ 76.4692216, 30.9702401 ] ] } },
{ "type": "Feature", "properties": { "u": 11752291202, "v": 11752291204, "key": 1, "osmid": "1265064908", "highway": "service", "oneway": false, "reversed": "True", "length": 87.913473173127187 }, "geometry": { "type": "LineString", "coordinates": [ [ 76.468937, 30.9696954 ], [ 76.4692375, 30.9697076 ], [ 76.4692216, 30.9702401 ] ] } },
{ "type": "Feature", "properties": { "u": 11752291204, "v": 9513402272, "key": 0, "osmid": [ 1265064907, 1032517876 ], "highway": "service", "oneway": false, "reversed": [ false, true ], "length": 122.12058613050479 }, "geometry": { "type": "LineString", "coordinates": [ [ 76.4692216, 30.9702401 ], [ 76.4696763, 30.9702359 ], [ 76.4697235, 30.9695287 ] ] } },
{ "type": "Feature", "properties": { "u": 11752291204, "v": 11752291202, "key": 0, "osmid": "1265064907", "highway": "service", "oneway": false, "reversed": "True", "length": 87.878794233301406 }, "geometry": { "type": "LineString", "coordinates": [ [ 76.4692216, 30.9702401 ], [ 76.4689382, 30.9702427 ], [ 76.468937, 30.9696954 ] ] } },
{ "type": "Feature", "properties": { "u": 11752291204, "v": 11752291202, "key": 1, "osmid": "1265064908", "highway": "service", "oneway": false, "reversed": "False", "length": 87.913473173127187 }, "geometry": { "type": "LineString", "coordinates": [ [ 76.4692216, 30.9702401 ], [ 76.4692375, 30.9697076 ], [ 76.468937, 30.9696954 ] ] } },
{ "type": "Feature", "properties": { "u": 11752291205, "v": 9513402276, "key": 0, "osmid": "1032517877", "highway": "service", "oneway": false, "reversed": "False", "length": 12.322339566865351 }, "geometry": { "type": "LineString", "coordinates": [ [ 76.4705904, 30.9664605 ], [ 76.4707131, 30.9664953 ] ] } },
{ "type": "Feature", "properties": { "u": 11752291205, "v": 9513418829, "key": 0, "osmid": "1032517877", "highway": "service", "oneway": false, "reversed": "True", "length": 10.816337353934539 }, "geometry": { "type": "LineString", "coordinates": [ [ 76.4705904, 30.9664605 ], [ 76.4704842, 30.9664947 ] ] } },
{ "type": "Feature", "properties": { "u": 11752291205, "v": 11752291211, "key": 0, "osmid": "1265064909", "highway": "service", "oneway": false, "reversed": "False", "length": 108.57046194523889 }, "geometry": { "type": "LineString", "coordinates": [ [ 76.4705904, 30.9664605 ], [ 76.4705938, 30.9657735 ], [ 76.4706725, 30.9656915 ], [ 76.4708861, 30.9656951 ] ] } },
{ "type": "Feature", "properties": { "u": 11752291210, "v": 9513402277, "key": 0, "osmid": "1032517877", "highway": "service", "oneway": false, "reversed": "False", "length": 11.139172406888132 }, "geometry": { "type": "LineString", "coordinates": [ [ 76.4720239, 30.9665191 ], [ 76.4721406, 30.9665238 ] ] } },
{ "type": "Feature", "properties": { "u": 11752291210, "v": 9513402276, "key": 0, "osmid": "1032517877", "highway": "service", "oneway": false, "reversed": "True", "length": 125.0078818730246 }, "geometry": { "type": "LineString", "coordinates": [ [ 76.4720239, 30.9665191 ], [ 76.4707131, 30.9664953 ] ] } },
{ "type": "Feature", "properties": { "u": 11752291210, "v": 11752291214, "key": 0, "osmid": "1265064909", "highway": "service", "oneway": false, "reversed": "True", "length": 106.77144510155304 }, "geometry": { "type": "LineString", "coordinates": [ [ 76.4720239, 30.9665191 ], [ 76.4720446, 30.965759 ], [ 76.4719687, 30.9657132 ], [ 76.4718284, 30.9657108 ] ] } },
{ "type": "Feature", "properties": { "u": 11752291211, "v": 11752291214, "key": 0, "osmid": "1265064909", "highway": "service", "oneway": false, "reversed": "False", "length": 89.862488214571187 }, "geometry": { "type": "LineString", "coordinates": [ [ 76.4708861, 30.9656951 ], [ 76.4718284, 30.9657108 ] ] } },
{ "type": "Feature", "properties": { "u": 11752291211, "v": 11752291214, "key": 1, "osmid": "1265064910", "highway": "service", "oneway": false, "reversed": "False", "length": 126.09360956552057 }, "geometry": { "type": "LineString", "coordinates": [ [ 76.4708861, 30.9656951 ], [ 76.4709412, 30.9659095 ], [ 76.4717331, 30.9659312 ], [ 76.4718284, 30.9657108 ] ] } },
{ "type": "Feature", "properties": { "u": 11752291211, "v": 11752291205, "key": 0, "osmid": "1265064909", "highway": "service", "oneway": false, "reversed": "True", "length": 108.57046194523888 }, "geometry": { "type": "LineString", "coordinates": [ [ 76.4708861, 30.9656951 ], [ 76.4706725, 30.9656915 ], [ 76.4705938, 30.9657735 ], [ 76.4705904, 30.9664605 ] ] } },
{ "type": "Feature", "properties": { "u": 11752291214, "v": 11752291211, "key": 0, "osmid": "1265064909", "highway": "service", "oneway": false, "reversed": "True", "length": 89.862488214571187 }, "geometry": { "type": "LineString", "coordinates": [ [ 76.4718284, 30.9657108 ], [ 76.4708861, 30.9656951 ] ] } },
{ "type": "Feature", "properties": { "u": 11752291214, "v": 11752291211, "key": 1, "osmid": "1265064910", "highway": "service", "oneway": false, "reversed": "True", "length": 126.09360956552057 }, "geometry": { "type": "LineString", "coordinates": [ [ 76.4718284, 30.9657108 ], [ 76.4717331, 30.9659312 ], [ 76.4709412, 30.9659095 ], [ 76.4708861, 30.9656951 ] ] } },
{ "type": "Feature", "properties": { "u": 11752291214, "v": 11752291210, "key": 0, "osmid": "1265064909", "highway": "service", "oneway": false, "reversed": "False", "length": 106.77144510155304 }, "geometry": { "type": "LineString", "coordinates": [ [ 76.4718284, 30.9657108 ], [ 76.4719687, 30.9657132 ], [ 76.4720446, 30.965759 ], [ 76.4720239, 30.9665191 ] ] } }
]
}
